"Title","pipeline_category","true_category","verdict","note","labeled_at"
"Lasko Wind Machine Fan, Air Circulator Fan with 3 Speeds, 20"" Model 3300, Gray","Computers & Laptops","Other","changed","this is a fan","2026-09-24T04:42:29.958Z"
"Garmin 010-02376-00 Varia RTL515, Cycling Rearview Radar with Tail Light, Visual and Audible Alerts for Vehicles Up to 153 Yards Away","Smart Home & Wearables","Other","changed","cycling bike light","2026-09-24T04:42:55.940Z"
"M-Audio SP-2 - Universal Sustain Pedal with Piano Style Action For MIDI Keyboards, Digital Pianos & More","Keyboards & Mice","Audio","changed","piano pedal jack thing for digital pianos maybe an audio accessory","2026-09-24T04:43:35.552Z"
"SABRE 120 dB Wedge Door Stop Security Alarm, Extremely Loud Wireless Alarm Siren Audible Up To 1,500 Ft., Non-Skid Pad, Compact Alarm Great for Home, Travel, Apartment or Dorm","Other","Other","correct","maybe smart home? security alarm door stop","2026-09-24T04:44:01.474Z"
"Logitech Rally Bar All-in-One Video Bar for Medium and Large Rooms, Graphite","Other","Cameras & Photography","changed","video conferencing camera so not sure if counts as cameras and photohraphy. Video is the key word here","2026-09-24T04:44:32.825Z"
"Maxell – Pro 190048 CD-340 Laser Lens Cleaner - Safe & Effective CD Player & Game Station Compact Disc Cleaner - Microfiber Brushes Eliminates Static & Dust - Easy to Use with No Chemicals","Storage & Memory Cards","Other","changed","","2026-09-24T04:44:48.254Z"
"Blackmagic Design ATEM Mini Pro HDMI Live Stream Switcher (SWATEMMINIBPR)","Cables & Charging","Cables & Charging","correct","not cables and charging... or maybe cables, really have no idea what this is","2026-09-24T04:45:19.515Z"
"Woods E103 E-103 Wheel, Holds Up to 150 16/3 Extension 125 Feet of 14/3 Gauge Cord, Holiday, Rope, Hose Reel Storage and Light Wire, Heavy Duty Plastic, red and black","Other","Non-Electronics","changed","","2026-09-24T04:45:29.907Z"
"UGREEN HDMI Switch 3 in 1 Out 4K@60Hz, HDMI Splitter with Remote Supports HDR10+ CEC HDCP2.2 Compatible with Nintendo Switch PS5/4/3 Xbox Roku TV Fire Stick Blu-Ray Player","Monitors & Displays","Cables & Charging","changed","monitor and display accessory, more for cables, hdmi splitter","2026-09-24T04:45:56.858Z"
"Garmin eLog, Compliant Electronic Logging Device (ELD), No-Subscription Fees, FMCSA Compliant, Supports 9-pin J1939 and 6-pin J1708 Diagnostic Ports (010-01876-00)","Other","Other","unsure","not even sure what this is either","2026-09-24T04:46:13.053Z"