Title,category,final_price,brand,product_url,alt,image_url
"Lasko Wind Machine Fan, Air Circulator Fan with 3 Speeds, 20"" Model 3300, Gray",Computers & Laptops,39.97,Lasko,/Lasko-3300-Machine-Energy-Efficient-Speeds/dp/B00002N5ZB/ref=sr_1_196?dib=eyJ2IjoiMSJ9.xxldqB5memNxSjwXyxys54aDmLiGJ42_Tl2AkBmrD_7MRr5gGnMWixONylZiKaOgfEi96AnHhu0Xn8U6VrCnYojHT5F_Hr7ZF6YP7ldM9J6CA7lc7rfetOj2_S6O1Cv_a7bRRP29rhRO7MRmTGO7m0sXpH7MwZoAZIy509qcpYYWs2j_qoabNCPStbSqgth83jm_kNmC96BqzMOYeCfwZWi2JBNi4vqO36QSfiUm1tli3XK5DMmX7q7ZR9k7-rZOpxd7NNVDX79G4toMAw230Mp-jmBanSXXoiLb54fdTw8.L_yAPB9NDDxoZaG4KhBh_l3HvKsWIfYLweEBVq_KA3w&dib_tag=se&qid=1755800183&refinements=p_n_g-101014971069111%3A119653281011&s=electronics&sr=1-196,"Sonnet says Other (electric fan, not a listed category)",https://m.media-amazon.com/images/I/91+Vt74DkLL._AC_UL320_.jpg
"Garmin 010-02376-00 Varia RTL515, Cycling Rearview Radar with Tail Light, Visual and Audible Alerts for Vehicles Up to 153 Yards Away",Smart Home & Wearables,199.99,Garmin,/Garmin-Cycling-Rearview-Vehicles-010-02376-00/dp/B086TVFX1D/ref=sr_1_1245?dib=eyJ2IjoiMSJ9.j5YgUa3pGHJF7T3Aaz6F6nWnsQFS4DqoQ6dKMKHt2ohjS2sSQYPLoBc__QE1OO-xXAxy8eg4JQnSO-MBaOCxdrmra484mXPKgSi6O5Xa_vRcLrgMJC5ZW4syJfBQxKVWF7-WtljZZB_96cINlL8LnRXwtjQ0f-sx9llCqJ3alZ3oHqR0hnxETQf9t7WvRuN38sF9sJSbaiEOaHKOIbKCFbpxsQi5c_NUEqwuTotDePfVnHnSb_pBypr-y4PqNPiIhD--RL80Fo7gxl0C29ufiF2awKznjutXC9VlJX9yNzU.xzDiYJ6qgbIinNqD2XlPCbatnpOo-mQolorxLl3cJ8c&dib_tag=se&qid=1755800723&refinements=p_n_g-101014971069111%3A119653281011&s=electronics&sr=1-1245,"Sonnet says Other (bike radar taillight, no exact category)",https://m.media-amazon.com/images/I/61-uY4VbzaL._AC_UL320_.jpg
"M-Audio SP-2 - Universal Sustain Pedal with Piano Style Action For MIDI Keyboards, Digital Pianos & More",Keyboards & Mice,25.0,M-Audio,/M-Audio-SP-2-Universal-Electronic-Keyboards/dp/B00063678K/ref=sr_1_1788?dib=eyJ2IjoiMSJ9.wZdmH_pLBn6qfDBF3lpSlwvtZ_pJVG9u0oWkVSVEhhrAmHm7E-siEiBtSS7Pmx9WvUnFYJpV8bNTQRiCvZH7UZWId7OWnmLOsHM38eBzYBbA87yQA0dhUOyLkIPpg9OYEdg36VT-u9QnTa_jdf66Iri9PmOxmJgWAiBRNlsPKoMIti7IZgE4c_AIQup_JuxbSg1qYsdp9GyUJaZgOaj63DFPAT451nuvkX81cD8UkTZvV7lgHkcjMI9kPEN8w5zaRozoTDklovbytRT4zOlzEzOXF2-JyWeBXDzvyQgDxeo._v1mgd7NjSojab5jdZwDOmUkA3hotvDzy6d9_OQr-6Y&dib_tag=se&qid=1755801007&refinements=p_n_g-101014971069111%3A119653281011&s=electronics&sr=1-1788,"Sonnet says Audio (sustain pedal for MIDI keyboards/pianos, no exact category)",https://m.media-amazon.com/images/I/71xIL-QDxvL._AC_UL320_.jpg
"SABRE 120 dB Wedge Door Stop Security Alarm, Extremely Loud Wireless Alarm Siren Audible Up To 1,500 Ft., Non-Skid Pad, Compact Alarm Great for Home, Travel, Apartment or Dorm",Other,12.49,Sabre,/SABRE-Wedge-Security-Alarm-Siren/dp/B00M30SQGA/ref=sr_1_2093?dib=eyJ2IjoiMSJ9.5FZ7H_ow9oUTBpORLdPT2zWIU2jG4T1cOrF-9aMfQwIdu_MWUUDwwdbpnzv7X74tIEN3mpdZzOFD_Zs8qz4GCrDmReizWimeHlAWTcjF0Nc3hs3rCDSRLQGJ6nVyA2Mphak5j2oPySTb17xJc3L6F2Qs_n_AR8N1uHlnKcwDYmtZLM4olk456rU_kz3uwl90LTUCoM3yJ4zUryfF6_YMGdR7lyR74pyt9--7f8dI0JjXnpI_pZWD8_x3JY8hXGqTTKZrQQd9f-7a0vAhpGfKt9lhksehFUNq593haUrWLBo.1gUYKYJZeYW6k6gBuVP_G3n5L2DgvYLlcYp6BV9DKp0&dib_tag=se&qid=1755801153&refinements=p_n_g-101014971069111%3A119653281011&s=electronics&sr=1-2093,"Sonnet says Smart Home & Wearables (door stop security alarm, closest to home-security sensors)",https://m.media-amazon.com/images/I/61HQzV1nC-L._AC_UL320_.jpg
"Logitech Rally Bar All-in-One Video Bar for Medium and Large Rooms, Graphite",Other,2999.0,Logitech,/Logitech-Rally-Bar-Conference-Graphite/dp/B093QCMSQG/ref=sr_1_2903?dib=eyJ2IjoiMSJ9.opsiVF4nsaI-W2iACGBD0JBquNt5jhwI92zCZhnEdyeJlZiSnidNZMPv4abq6eE02rZ119J5BmX3v2XTNnds82ZtEFNjJA2Aag6ZpuBb9wYyYJdEb1rtmDvV4V0hMgadZcjFLFo-pFQ3B34f12GSglWo-TV19Z2Q1ARH8V12eJScYiomrdzJIZlkdyYflMGqYwlwiaOKol5VgPyOIVRDnD2txsu0ZESaS9iVZgZVIwzgptDDnG38S_2lvZNW3R9ZSLibLJuufXv8s8rwjJ9NYR3ThZHVloHRJ9rWcAK5bxc.o3owzSVyRMctNkosZMO2rbFuIQKbA0mVrVYS4EkWNPs&dib_tag=se&qid=1755801584&refinements=p_n_g-101014971069111%3A119653281011&s=electronics&sr=1-2903,Sonnet says Cameras & Photography (all-in-one conferencing video bar combines camera/speaker/mic),https://m.media-amazon.com/images/I/61vEE1GOtQL._AC_UL320_.jpg
Maxell – Pro 190048 CD-340 Laser Lens Cleaner - Safe & Effective CD Player & Game Station Compact Disc Cleaner - Microfiber Brushes Eliminates Static & Dust - Easy to Use with No Chemicals,Storage & Memory Cards,,Maxell,/Maxell-Effective-Microfiber-Eliminates-Chemicals/dp/B000001OM5/ref=sr_1_3022?dib=eyJ2IjoiMSJ9.a76FeXwe9I_0bSIp54YIZN7JETq0fqU98_epuP4gegUUE3CqD6tl-Dl8DIdSbzaNS5KwdcaN_h6qFIONyUM2Olzv5EnL7j8ek-d87zeR-gxo6a32fs7_WAMSmWyiF8-nHkvzJ-EHb0Uabqnjyx4ibacqewrp0xH17nN36AmNtdxwByUDNYkOywTz1CPFxY0NLFwShXL-dtEaEpo57E5j60JhOIY0Q-uNv3J4Mb85UHeRrjULx4YbCivvvDpiO_Q8gDLJZBZg9sEr0jVzTYu-AI4HKco_i6zD92yAozb_AnQ.TUFb25vcQUYys7Ee0HoeP1yU4Ry9Xq5qYe4Q2WQ46Ck&dib_tag=se&qid=1755801645&refinements=p_n_g-101014971069111%3A119653281011&s=electronics&sr=1-3022,"Sonnet says Other (CD/optical lens cleaner accessory, no clean category fit)",https://m.media-amazon.com/images/I/61-pgMdUD8L._AC_UL320_.jpg
Blackmagic Design ATEM Mini Pro HDMI Live Stream Switcher (SWATEMMINIBPR),Cables & Charging,325.0,Blackmagic,/Blackmagic-Design-ATEM-Stream-Switcher/dp/B086R79PBC/ref=sr_1_2974?dib=eyJ2IjoiMSJ9.fSpnBn8mfon_LjBNtxcLG9mPFO3Y_raA2IUipaoxFHr-XxNxbdbYVTE9ZFu50Vgj6oW-gN3v696EsDUjyKJQtlWteuwzXZR2vmBcN3BP-5_fxLfVk2zyqOjRODYywz781awB0wtvFUrHJdgGRHdmVdGmiBWcwRzwXZy5Zx2iIHGW67oB3FZ4dNSZ0fvPFPmkqFX9_sko2emkA1aKysleEfgiu_61P5kz6V6L2yM09qUB7yttbysBqGJ4_Ivyvi5-ZgF3SgtdlB76Wh3nRWR3j8ySFbBCyK3IbdbDk9CwP0g.pOWsihY4lv59QC75GUnmSeny8i44skegx0CW9TdGvac&dib_tag=se&qid=1755801619&refinements=p_n_g-101014971069111%3A119653281011&s=electronics&sr=1-2974,"Sonnet says Cameras & Photography (HDMI live-stream switcher, closest to capture card category)",https://m.media-amazon.com/images/I/61vF5FIMRhL._AC_UL320_.jpg
"Woods E103 E-103 Wheel, Holds Up to 150 16/3 Extension 125 Feet of 14/3 Gauge Cord, Holiday, Rope, Hose Reel Storage and Light Wire, Heavy Duty Plastic, red and black",Other,23.14,Woods,/Woods-E103-Extension-Holiday-Storage/dp/B000E8SWQM/ref=sr_1_3417?dib=eyJ2IjoiMSJ9.WiACAKQXberBOnAIYbwjQH8jE380Ntuw3lePY01bwjUl0NOaY1j8nG1AI0ECVUx6zaaPkfmN-2Ehkan2Y278bJMyZVWG8Yiznu919cBDWBc-7742iWO6HWtbW_OttzKgUUWlUyGNp0p7gWeEbQSQyMYaz_A2mQmm6wn0KBo-RtNPAZfFl8dl_UNzJMa7oCQNpIbFxN5Aq_G7NxGVprVv0VZjqO1T7hkxEZorNDu_gWMzn09o-xOYp_bpVC5-R8vsP_FiE5DqYtMC3lT4v5vEZ-4JcYsq17CCz-FLJyqaYLY.tCXccaWl6DZioL7_G0TGNs8rxCllq34IG6t6RvvAhI8&dib_tag=se&qid=1755801852&refinements=p_n_g-101014971069111%3A119653281011&s=electronics&sr=1-3417,"Sonnet says Non-Electronics (generic cord/rope/hose storage reel, not an electronic product itself)",https://m.media-amazon.com/images/I/71y3S10ENyL._AC_UL320_.jpg
"UGREEN HDMI Switch 3 in 1 Out 4K@60Hz, HDMI Splitter with Remote Supports HDR10+ CEC HDCP2.2 Compatible with Nintendo Switch PS5/4/3 Xbox Roku TV Fire Stick Blu-Ray Player",Monitors & Displays,19.99,Ugreen,/UGREEN-Splitter-Supports-Compatible-Nintendo/dp/B0DLN4RLQF/ref=sr_1_4684?dib=eyJ2IjoiMSJ9.KGsXr888fZKc5NFvm86sCzOTbEefqIjZBoiAR7uJPDO_31tVFdevQ2rM72TBAS3kCd6oQ36I7IkcykAIp3cfWGPIKb_M3l0oqP5plr70y7PncXnfJdKR0Y5g3Mb0CaPNJx4OhfArvapzm9rX6XuxBHQ_Ae7CtSreF7M95AgfGbptR5JmwiNbeMGb2sBSAT30BEJRz66eErPE2mtia7C69kE3eoj6WNQysjUxxiOEIBGs2P_dnSh_ks26Vr3cSRoJlc3W7K-y5VqRwo7sFA83WLFFoskCJwtKJAX-Yk_H6FM.xj2IV5LIXyJgxXJB3xU5-1G4a8fskYAsJAbvqCvKAuY&dib_tag=se&qid=1755802505&refinements=p_n_g-101014971069111%3A119653281011&s=electronics&sr=1-4684,"Sonnet says Other (HDMI switch, no exact category fit)",https://m.media-amazon.com/images/I/61++s0S292L._AC_UL320_.jpg
"Garmin eLog, Compliant Electronic Logging Device (ELD), No-Subscription Fees, FMCSA Compliant, Supports 9-pin J1939 and 6-pin J1708 Diagnostic Ports (010-01876-00)",Other,225.11,Garmin,/Garmin-Compliant-Electronic-No-Subscription-Diagnostic/dp/B072L856YC/ref=sr_1_4696?dib=eyJ2IjoiMSJ9.6VMlr__gXC5U1Lh7KIjkEEnQOHeXxQ4CWIOgikPFcIMMb2v44kpTRf7SBWX7Khorooo7PzPuS9Db9YtFcOaJ2SNp6zGc5Pl8R9UZKODOVwGSnmaxkf2BWIm8A2Ww242P1-Yrj2Y-83cDWZRmBeNfg0qDi009TkZVOXVobrqJH-elwoeauUTvMY7KXHlSPEG4CfR3VsCAlukIOxTbKA7z4ggxEnnEj4boYtGzhCV6bW3J6qXnIkND7nrl8D6EN7073j97K1gJrqYcMNP5Kf7uO1O0AY0-DvuXfFcNcpNjoGg.N7f9e1osOLie1TXxww1YJZmTfnM4t0QFAX4B7d79qak&dib_tag=se&qid=1755802519&refinements=p_n_g-101014971069111%3A119653281011&s=electronics&sr=1-4696,"Sonnet says Car Electronics (electronic logging device for trucks, plugs into vehicle diagnostic port)",https://m.media-amazon.com/images/I/61+3RXYaGPL._AC_UL320_.jpg
"SABRE 110dB Door Handle Alarm, Extremely Loud Wireless Alarm Audible Up To 680 Ft Away, Hangs Off Door Knob or Handle, Vibration-Triggered Home Security Alarm, 3 Adjustable Settings, Great for Travel",Other,11.98,Sabre,/SABRE-Door-Handle-Alarm-Vibration-Triggered/dp/B01L3R5LXE/ref=sr_1_4940?dib=eyJ2IjoiMSJ9.D6T4rW-4XiC88mGP7eq-vaeJSVwzE4b0hjMXlZbRQK_6N_qveC5PoRbeEKZOqREUVbrkKlWp0iv_kwnhdCK7l8QMV8xDWT9nHHIouvxBDrT0tyd2XvkmvyV96-n4YCZLQGFUty0HHvX3yKnObEGkm-RK-cTKET8W8AX7ZcOh84DiJT_JT2ugE1fNnXJsYZXkeM9ZM_Y8Uf2sUSh_AhrfTmipva7AaNaMr3Z2WDC5GClOyv8Lo4IM9Y4c8KjXMEoi_QFJYY_6maTym5Yfi5l-_pfPjVoDl62XTxLLOUI-Tug.gqLxgQUfsS8CsuNMaXBbXt93PS8DeQKYnmQ8xZ4Te-s&dib_tag=se&qid=1755802652&refinements=p_n_g-101014971069111%3A119653281011&s=electronics&sr=1-4940,"Sonnet says Smart Home & Wearables (standalone door alarm, closest to home-security)",https://m.media-amazon.com/images/I/61TjTJdJgaL._AC_UL320_.jpg
Microsoft Windows 11 (USB),Other,,Microsoft,/Microsoft-dvd903211-Windows-11-USB/dp/B09V6R9QZZ/ref=sr_1_5092?dib=eyJ2IjoiMSJ9.bT-TFTQM_wDXurTXVx8kthu8vA7bnuFG-BnkRFL5OEceA_A6XZziXU8G3YIOuacp3duvhHIrkXNASFYGF505m0cAWnkclP8jiE5CZ0vgAds3QOMXR6ErJDPY0nhOKdPiwMe3vmtLS3J_SETOK0zpQGyEPxBFxZqMMTnfHFfkqBeEhI_TsbMHlzmWtITxkFYTFpLFDmxhcf0Zo3AW26XFdoHf3rXss4gVTnhP6u2YNIN_4X-C_hJsD88KYgGgOicCuad-VSAOGOb33RLXW8OvTyhQiOpsm860oRW_uI_6gUE.PWYDcGOYZpxHp7kIKXVH329czogbEnGvEa_FG0CokPo&dib_tag=se&qid=1755802729&refinements=p_n_g-101014971069111%3A119653281011&s=electronics&sr=1-5092,Sonnet says Storage & Memory Cards (OS installer on USB flash drive),https://m.media-amazon.com/images/I/61fUMcLzmgL._AC_UL320_.jpg
Logitech Rally Plus Video Video Conference Equipment,Other,2349.0,Logitech,/Logitech-Rally-Ultra-Ptz-Conferencecam/dp/B07JGHZKYW/ref=sr_1_5212?dib=eyJ2IjoiMSJ9.Mh8C6JYBx8QqmDMtcKud-8ppJc4gfWfI8tFu8-kWwTjSYCUmRtWuqUYeVe808SK_3T01ieVF4jztLDycEWcn_K694SoZe2sb4cg8eV4Lwg-3Vc3m9FhyORyLxld9LpsHuSb32cMC-oXs6CPTRcUULYrPnkhtYTas2XRdMiYxubCeSGO41vhzLOl0FmgGXTH1gYhKhq5w8s8DLoErV0WGj6VnLtkAkY0lLiCrIXXLUdUmKSJaRy6kPU6Hav2XxzirR14cAfUr3dFN07WNp150P6E3WOCkj9vwRg0CpR_GZ0E.6171j2zyKQ7983FedqkK_PvYHKcH0KidSAqyLllZcxw&dib_tag=se&qid=1755802792&refinements=p_n_g-101014971069111%3A119653281011&s=electronics&sr=1-5212,"Sonnet says Audio (video conferencing camera+audio bundle, could also be Cameras & Photography)",https://m.media-amazon.com/images/I/61kffJuZuwL._AC_UL320_.jpg
"Logitech Rally Bar Mini All-in-One Video Bar for Small to Medium Rooms, Graphite",Other,,Logitech,/LOGITECH-VC-Rally-Mini-Graphite/dp/B09BRGHP67/ref=sr_1_5343?dib=eyJ2IjoiMSJ9.CRXGRt0UJm2Wl1D6I7nNl0uJfKcuotl_SdUXLfb0j0WWEe6HtOcn09ydNdG1bTCShYa9sjrU1CELb9wmnuT20lzPCqFKBlj5vxSSkvC1bFZP2tJLAAD_4n36grXHCf83CC-YiHBIAZ6IfKKBhUb6MwkrvRghgdG3u2C8Z3LEjbNgHpvdlzZef18drxD8QjJ_BYojzj3COd7EXqIx8QFyoeMZ5ry1h_UtuqyGiV841BiLLDpvfCin8glbtcfK_5_BWmnCfNoWSvsW_mw-H1GpohyBJ8MsFZh9IcEaMPcTitI.t4VFh4xtN40TD_laUKJ3oE8BtwmxUDCFC5oHc_mhBHg&dib_tag=se&qid=1755802867&refinements=p_n_g-101014971069111%3A119653281011&s=electronics&sr=1-5343,"Sonnet says Cameras & Photography (video conferencing bar combines camera/speaker/mic, no exact category)",https://m.media-amazon.com/images/I/71rIx-qZbZL._AC_UL320_.jpg
"Lutron Claro Light Switch Cover Plate, 1 Gang Wallplate, for Decorator Light Switches, Rocker Light Switch Cover, Outlet Cover, Screwless Switch Plate Cover, Satin, SC-1-SW, Snow",Other,7.16,Lutron,/Lutron-Claro-Decorator-Wallplate-SC-1-SW/dp/B00105OPA0/ref=sr_1_5381?dib=eyJ2IjoiMSJ9._2us9GY_KHM4JsHuiPAnP8M-wGeRq2pjCOV1SR_LpcmpIZQZACdnW40aJTnNJADfeSuyjTLcNZJUe1Tz_c-WTHWYGeVkQ7r9XzFDpKb0R75HAdQayeIkERZr54fVFnzAKMeCDxg8LS7LFvHUUVGy5goSQPlzWb2FmePoX4Tq1kIxU8XPaKiWGzmhnQ8hfUCGaPhVTHkT6JKRp5IqXsdTJz0lH66zFDmelN7WoQVgX3xVjpJe1FdREm-ohC6HIfqCt0dzlnHTYsQfBvWR3I73QVwjszbcEbgdHpY-KKKssKs.hL3zjQvZO55G8IJ5WiQYRha6UQ0yO_DPJvHXOG99j98&dib_tag=se&qid=1755802879&refinements=p_n_g-101014971069111%3A119653281011&s=electronics&sr=1-5381,Sonnet says Power Strips & Surge Protectors (plain light switch cover plate; borderline non-electronic but 'wall plates' listed in this category),https://m.media-amazon.com/images/I/31Qh8GXn4iL._AC_UL320_.jpg
"Kryptonite Alarm Disc, Heavy Duty Anti-Theft Motorcycle Lock with 120db Alarm, Weather-Resistant, Powersport Disc Break Lock",Smart Home & Wearables,55.0,Kryptonite,/Kryptonite-Anti-Theft-Motorcycle-Weather-Resistant-Powersport/dp/B08C5J63RQ/ref=sr_1_5986?dib=eyJ2IjoiMSJ9.FIDtYJT9knM7S5NFrV1HhGjG7fNr2EA_rKuJ11sPZ0zQVlz6K7Rkb9BTkpv4VTKjNMr1jfzl5GgV3Zz4DVFJoiFW_lRQ7mHNd6ixA-93XE50H2pDg8I1USOcyPOVxxTszY8BeGTUJNakB6tBWS4UDXkyDW34Zx6QaWZf9xIaR-JsY1MwtMbcaDvtqlrb0lSwXc1F2iuGWZAaO02FKa6I0FzZx8CuLgldmQx61t2OuHhR1mBYEbZTr5zJ4dxzZO2xgPCWHLnuSPN9apZeoHlh1F5HE5HQwUiydJC9s7tBBZs.yLQ5azbWBKBu1G-JpuNlQwQxELLqTFSo_EzXS0OocPQ&dib_tag=se&qid=1755803193&refinements=p_n_g-101014971069111%3A119653281011&s=electronics&sr=1-5986,Sonnet says Non-Electronics (motorcycle disc lock with electronic alarm; mainly a security hardware product),https://m.media-amazon.com/images/I/81L+v7lh1uL._AC_UL320_.jpg
"VEVOR 3.28 ft Cable Protector Ramp, 4 Pack of 1 Channel, 18000 lbs/axle Capacity Heavy Duty Rubber Speed Bumps, Floor Cord Cable Protector Wire Cover, for Residential Areas, Private Garages, Gardens",Power Strips & Surge Protectors,37.99,Vevor,/VEVOR-Cable-Protector-Ramp-Channel/dp/B0BQ1MYKFZ/ref=sr_1_6052?dib=eyJ2IjoiMSJ9.BwtE3YBB-lqIjLJ0-X9zacX0lL5MX1bRng-jMrlNjm84xW0Q2NJIH1h7Vmhwzf7sFJkGYnJQnAzeaYnbxk3avjdrGGW1a5raWmzGTuWTCrJGpHsY_ByzUP2MK4sZDjFhkIA4ZFM5TS_IU9kel9Ld7aJ5iqGug8F2MYTn5kFqlDa5doZYOj_GR3ztT_ZRvw_aY_26lrLn-Dt-9GCPQeKLM3u3b4EaLw6hkVBLwOwEtwp5pwCczI9bKD3sBAp5zbdjSgTEb5-Xjg5SgkY4CAWoDvTlt8jBoOZiV-VVKQKo7do.A7zA27NK87JHVVY_XbRbezKXdI6VvxIibZKCQUm3LBQ&dib_tag=se&qid=1755803230&refinements=p_n_g-101014971069111%3A119653281011&s=electronics&sr=1-6052,"Sonnet says Cables & Charging (generic floor cable protector ramp, borderline non-electronics)",https://m.media-amazon.com/images/I/714wmdqsrKL._AC_UL320_.jpg
Blackmagic Design ATEM Mini Extreme ISO HDMI Live Stream Switcher (SWATEMMINICEXTISO),Cables & Charging,1425.0,Blackmagic,/Blackmagic-Design-ATEM-Extreme-Switcher/dp/B08WWF1MJG/ref=sr_1_6484?dib=eyJ2IjoiMSJ9.Y4pWxweSM25_nIjg6zm8g5ysFA09Cr8evlRkyxG_vc1KeANNF1zk39y6L_5qvVlrSecBbYth_5N2CD2ub2K8hlazxRkLe3bx1chrAajoFtV8U0ustM1-JgWzF84BuYPU3ahNF-mpTTuoV4XxKWhtg023q_CIzfx3xREGzUA8hPM_gWmzcYegoOnEKzS_EfIFkj2aqLurqBbWyjS94vgB8K_kZTfF8077LnCUEoLpWdUecnskmzCufNaJi2DMDbP_crWJm7J40IRVi-9jj_DGmH_yJ54Tru8uDznz7VLjTvs.D0v-mQyVnij_OR8BbY2l2H6--IwIcM6bk-wWVeNCY2Y&dib_tag=se&qid=1755803445&refinements=p_n_g-101014971069111%3A119653281011&s=electronics&sr=1-6484,"Sonnet says Cameras & Photography (live stream video switcher, closest to capture-card/video production gear)",https://m.media-amazon.com/images/I/71oZ+p+xcRL._AC_UL320_.jpg
"YeaLink WPP30 USB Type-C 4K Wireless Presentation Pod, Black (1303112)",Audio,,Yealink,/Yealink-Type-C-Wireless-Presentation-1303112/dp/B0BM7XDWWY/ref=sr_1_6414?dib=eyJ2IjoiMSJ9.eHofZA5FsimTexhsNthSWEa0HrPQxlDetjd3pfWr9O2miNf9Y79nxUQalyG2dEqvKPYrgawBCO-PpFdv2ELDjvMyiHLvdEQfRX5HIrvju-aE2b2J8IE45lOs55Eu9hUP2f5eJQ64hL1q0ZxyS5OJmTBWKfFUBd1GUpw5IBacMrl0akYCHxQLw00-zYTc9oGygZPEshKax-a5XydUYBssERnoqxtOtEp2MJK06OBHwW8QtFbJC6Vs3sD6Mkcggk-ePtoDsAT7a43wOd6q-9Oj1q3M1ivKlOmz0BJZPPuLGso.NMCyhKn3qaPLpaYZaEi0go9PaFaCsmcjC1tFYE77kPU&dib_tag=se&qid=1755803421&refinements=p_n_g-101014971069111%3A119653281011&s=electronics&sr=1-6414,"Sonnet says Other (wireless presentation pod for screen sharing, no clear category fit)",https://m.media-amazon.com/images/I/51kZUqVv6ZL._AC_UL320_.jpg
Kensington Wireless Presenter with Red Laser Pointer (K33272WW),Other,36.99,Kensington,/Kensington-Wireless-Presenter-Laser-Pointer/dp/B0872M3BZG/ref=sr_1_6739?dib=eyJ2IjoiMSJ9.0cB4tEdM6U2z7sLu3hyEk-0kpMf6DTHZfR6DzGDdgFCGg7lj40XXdsol4XorFD0ol3lBpInwFXO7SHtQBLoVGo0jMrlDkPVDUuEOiu7YUsUmap73uNWauJwPeIBuh5jNYw4Ddv7L_6LEddnMbBrvoxSk7EMA1IUal3r-cbVOR8LiZQphcxTeOUNC47LEKcrTpNSl1FjI_DYwSXoOHhGFOdxzBY-A0qxDlf1CN564cy_pNI-ON0FSu-LrZ2wGzFMa0cXOH70PNe115Iuqo6s8pyK237F_RQLc5tlqwj0YALs.8qS3ot8-cUGBRXU12vsT_2VfVWPe5Yuk3e3CaxoAq5Y&dib_tag=se&qid=1755803572&refinements=p_n_g-101014971069111%3A119653281011&s=electronics&sr=1-6739,"Sonnet says Office & School Supplies (presentation clicker, no exact category)",https://m.media-amazon.com/images/I/71wf+7SxdqL._AC_UL320_.jpg
"Leviton 5601-2E 15 Amp, 120/277 Volt, Decora Rocker Single-Pole AC Quiet Switch, Residential Grade, Grounding, Black",Other,2.99,Leviton,/Leviton-5601-2E-Single-Pole-Residential-Grounding/dp/B0030ZRDIE/ref=sr_1_6682?dib=eyJ2IjoiMSJ9.tsxbc--OY_GWQrk-_ntZziCStG1cmTN80NfMdIiDhBBMKM92oh7qL9XvEqMhANCb8DVCAYDqFllKmBtYUK2Fidb89jut7hLDLgEIrxRZ1LJ0MVlPh8G9srBehlu0xiGKcez8ToRsAqvWF3irG2ecKOFnBMJouvPIV97AMrh2jSxYgqvPbvOlaV7E3PV-7TB-dhfnUItAkEQrUzneODmlDqy-lP24Sva6xdQXFCupEpJSFurKPzdHBjUZhjgWaUu3ib1J_n7MUl_1IOc27F4H7eSsxjJpmwq96i7WLpKgmgk.BFTZUimONefyCjyrEkKKEQMZVnrjNKC-_DLQnyFTCWA&dib_tag=se&qid=1755803546&refinements=p_n_g-101014971069111%3A119653281011&s=electronics&sr=1-6682,"Sonnet says Non-Electronics (mechanical wall light switch, not really consumer electronics)",https://m.media-amazon.com/images/I/514Oi-at2lL._AC_UL320_.jpg
"APC UPS Network Management Card 3 with 2 USB ports and Temperature Monitoring, Newest Model 2020 (AP9641)",Cables & Charging,203.99,Apc,/APC-Management-Temperature-Monitoring-AP9641/dp/B083ZVKLB3/ref=sr_1_7148?dib=eyJ2IjoiMSJ9.2HQO49pehoHP4_L7cGsPapFj8326fuEPPh_UrgRKFLiqld7UyElGIxcsx0EZPCzm_13xcpERuVaWX7iIt48kJ-ZvqFaqX38VRdX1F6Og-VRdEfFrjnnO_flgSMyOPWiggzfp9NGeflYJ0K_xWZZEnmP5zdp8Uu-xq--6s8X0knsgIjIqm25OdBwzt0W62m1KEGoj3pPsBzbFnePPXS1JDUglXPiYXafxrzJtX6ztZSrk4vFauOgd--qAzaECfbAUWnsTNaVX40k8XJSMxyWQZYprlJTND36D0yMkE4B4i0E.eMjtGudr3was_dpC_NXMBULlbcVzXHhREKc487YBjns&dib_tag=se&qid=1755803778&refinements=p_n_g-101014971069111%3A119653281011&s=electronics&sr=1-7148,"Sonnet says Power Strips & Surge Protectors (UPS network management card accessory, not the UPS itself)",https://m.media-amazon.com/images/I/61UcITjUz8L._AC_UL320_.jpg
"UGREEN Full HD 1080P Webcam with Microphone, 2 Noise-Canceling Mics, 85° Fov & Fixed Focus, Plug and Play, Auto Light Correction, Privacy Cover PC Camera for Zoom/Skype/Teams, Switch 2, Silver Gray",Audio,19.99,Ugreen,/UGREEN-Microphone-Noise-Canceling-Correction-Privacy/dp/B0F1SJR713/ref=sr_1_7532?dib=eyJ2IjoiMSJ9.87RuYDXUid1Z7PQ596adF8ruAfme-XE1eUt9ZVBi40XsrK1XwLEuyYOCPlPPNsmWALbBxMII6WrC6QQqno5Lb8CA-DBNhJEEgF8nTC8-LqMZ-kTBL8wTXx8waRCurVPE05G5u6Z3N0FdYsAYtZ9tinR8LihsQRNdY1dHvEvezcwRejWxDP6kjPXmPDFn9bX4RqkjscpM0-4xRmEqTfxLJyMXS4Z1hVjIi3pdj4fI9fZcNGbx9LDTpYdjyEyhjtClcSqEEfMYe2wxe0YbR65JpzXgqAmcOhZnyjjPBJ88t3E.lhWDYIeVhUT1UWnR4WJEZXDqEp875vnuqWW-hmQbSRo&dib_tag=se&qid=1756096952&refinements=p_n_g-101014971069111%3A119653281011&s=electronics&sr=1-7532,"Sonnet says Cameras & Photography (webcam, closest fit to cameras)",https://m.media-amazon.com/images/I/61O21BBtEiL._AC_UL320_.jpg
FREECOM-X/Spirit 2ND Helmet JBL KIT,Other,129.95,Freecom-X/Spirit,/Cardo-FREECOM-X-Spirit-2ND-Helmet/dp/B09PJSN61V/ref=sr_1_7477?dib=eyJ2IjoiMSJ9.OoQ2odEBDxOAyn6EpJ0tUy71yo190hIm6nfTPFdpYeU2uW_nKEyVl9FMkWMFHb6xMCAP86ZsiXf_As8T4FvMLSO96YUnkQFO8wPz-AskKUVt5Srb0IaNLO2TrX-y9l4Ui1eSt_uo3k1g8Mv5vafBK8VQ09zfQkurMEXyMGWZ5pk9av510kWiWN3tdin3Pfx0uFEy_Lm99KFhnccBJv8v4YD6DZtJ4C5fw_g3G2cw8s0uRgDepfo3fACGvcjrRBBHG-RrZIjdMUKq0UBHIt06IvLsXn_DD7lW5TI3oE0zx-A.nmWjt862Nlpp1nHvMWrvov_YkF24PXHOVmTCcDOXsyU&dib_tag=se&qid=1756096928&refinements=p_n_g-101014971069111%3A119653281011&s=electronics&sr=1-7477,Sonnet says Audio (motorcycle helmet Bluetooth communication kit),https://m.media-amazon.com/images/I/51mxu0lEsaL._AC_UL320_.jpg
"Logitech Wireless Presenter R400, Wireless Presentation Remote Clicker with 50 ft Red Laser Pointer 910-001356",Other,53.46,Logitech,/Logitech-Wireless-Presenter-Presentation-910-001356/dp/B002L3TSLQ/ref=sr_1_7640?dib=eyJ2IjoiMSJ9.rWfwh_CHcTzvC99c0r05DKEwE_Y3X-EwtcUXY55iNtJuOVhVO8C7V0eqZ_lwwcmnnxlyPpczyj1CQHlaqfIW4dSd67j9uPBPdX-xRdGW9N896F2JoN8Gf6kDgCJlxHtUkvo1t0GBv2X_3Dc7mRFv1nxZF50L5ZGeEWXwiSKOwCRv0JtvDEsqa41eB1UvI9jJzr5zSZ6yMm9MWTNKoJv0dy7GxTcMYECgSyQ272EolOfBgQq9TweN-1lh8vSWk6WAYdn6KyzoeG24LrdEU94LKv0ox8JhWuf2M4IwFSu08nk.uO63r2Hst48rAIYkJ0SrLBq7zFP3mCuqY1qTEZEacgY&dib_tag=se&qid=1756097015&refinements=p_n_g-101014971069111%3A119653281011&s=electronics&sr=1-7640,"Sonnet says Office & School Supplies (presentation clicker, no exact category)",https://m.media-amazon.com/images/I/617VOhcMABL._AC_UL320_.jpg
"LG 27-Inch StanbyME Go Portable Smart 1080P Touch Screen (27LX5QKNA, 2023 Model), Calming Beige",Monitors & Displays,1196.99,Lg,/LG-27-Inch-StanbyME-Portable-27LX5QKNA/dp/B0CF44ZMLG/ref=sr_1_7635?dib=eyJ2IjoiMSJ9.rWfwh_CHcTzvC99c0r05DKEwE_Y3X-EwtcUXY55iNtJuOVhVO8C7V0eqZ_lwwcmnnxlyPpczyj1CQHlaqfIW4dSd67j9uPBPdX-xRdGW9N896F2JoN8Gf6kDgCJlxHtUkvo1t0GBv2X_3Dc7mRFv1nxZF50L5ZGeEWXwiSKOwCRv0JtvDEsqa41eB1UvI9jJzr5zSZ6yMm9MWTNKoJv0dy7GxTcMYECgSyQ272EolOfBgQq9TweN-1lh8vSWk6WAYdn6KyzoeG24LrdEU94LKv0ox8JhWuf2M4IwFSu08nk.uO63r2Hst48rAIYkJ0SrLBq7zFP3mCuqY1qTEZEacgY&dib_tag=se&qid=1756097015&refinements=p_n_g-101014971069111%3A119653281011&s=electronics&sr=1-7635,Sonnet says TV & Home Entertainment (portable smart touchscreen TV/monitor hybrid),https://m.media-amazon.com/images/I/81jJ3UE0kjL._AC_UL320_.jpg
"Garmin Catalyst, Driving Performance Optimizer with Real-time Coaching and Immediate Track Session Analysis, for Motorsports and High Performance Driving (010-02345-00) , Black , 6.95 inch",Other,999.99,Garmin,/Garmin-Performance-Optimizer-Motorsports-010-02345-00/dp/B08G58D42M/ref=sr_1_7794?dib=eyJ2IjoiMSJ9.KGxyqQzabxUTeENxTitU-c9ZN5Yjdv2Y8qrQuyxuyjrI8pKVED8PvsouMTQdHWjqSE9qbZuTme-niFrHEIkRjtjzIS4F7ETMlP6XYR0ooVccy4EQPv0S2jZn_r-rA7iV3ijq3iwHC84T_Mz3uTaoVvn2PUR_R6tgIpXylRMQwq0rbw0ADO1gYzcvM-kixujiTo4Vp_QaBCrQuMVDv1fiiC4LxMaH1GoMwpJQEyjycHpG3jlIKomA152qjSfdhdIHSgQD0kJqjLfFyVTCgIT4Qua59BSMsiWnWKPUk7-ycaw.BSrh7z1_0ozCfgu9QJg_eQYUDitAXrmo96nzTM2qxSY&dib_tag=se&qid=1756097098&refinements=p_n_g-101014971069111%3A119653281011&s=electronics&sr=1-7794,Sonnet says Car Electronics (in-car driving performance/GPS telemetry device),https://m.media-amazon.com/images/I/71ru5CXuNtL._AC_UL320_.jpg
Blackmagic Design ATEM Mini Extreme HDMI Live Stream Switcher (SWATEMMINICEXT),Cables & Charging,1095.0,Blackmagic,/Blackmagic-Design-ATEM-Extreme-Switcher/dp/B08WWXFZ5W/ref=sr_1_7807?dib=eyJ2IjoiMSJ9.gWqOllXltoSHha4jP5J86TrELdzeCE4WlpLW6OGuk61haC4gU1iT0JUy0V2a58fjDu0skavvGUryf8ppx28hmoDf5E14dmwZUff4IdR037aidthBTlz3ypvMT1TOmQn4gxhjboemD2wWmO3VzC1mDbTaq0Veyl0VvjaTLX2mjSB5tXv429xYHCILv8qisRn38L2hw_zueLiv4wHPIGxhb1IH4Xi8Mvw7L1VzcyzYa6lWAt-pflcuOpA5yr0upZZxXiuz2Dk7xwfm15tDuGztMEpKqLu3joLcwrW_14SJfGw.I-03xqA1QTEpW4TY0Q6ciF_qyEQCS88yCkXiC5EutV4&dib_tag=se&qid=1756097111&refinements=p_n_g-101014971069111%3A119653281011&s=electronics&sr=1-7807,"Sonnet says Cameras & Photography (video stream switcher, closest to video production gear)",https://m.media-amazon.com/images/I/61heA6oJaYL._AC_UL320_.jpg
"SIRIUS-XM SXV300V1 SiriusConnect(TM) Vehicle Tuner Computers, Electronics, Office Supplies, Computing",Other,59.0,Siriusxm,/SIRIUS-XM-SiriusConnect-Computers-Electronics-Computing/dp/B01CO281Y8/ref=sr_1_7968?dib=eyJ2IjoiMSJ9.gWcf0ib7nFm8_W53Co4EbjvxW7kOq2grFZyn_-ZmdtzemOuRuGcJQMR3ZvPn6MBa5NlPSi-zT44vwDtg-FVHFXj-k8jDZHgznGma3ouVM1wQTnxdx-Je9fn7UFORK4_JAEYKEf8FRp3vuwAPHxK4AbgTU-3RorA3odxaP9yDppXaH6QqkPRrBA2qZamk9iQ_Dw-wmiT_S6S4Aw2exouJvdDjQgvusKdwSQRu869ZIPjszi4OrtFC_N23Uf0VwvPG3vWo-FHlml8AoXDjb5JdXdeDTb1DWvQOqu2wvCiV3kU.Xs3fY6HT305RcuSgSANdHFZAeO6zJc1HIe4sVnk_iQY&dib_tag=se&qid=1756097195&refinements=p_n_g-101014971069111%3A119653281011&s=electronics&sr=1-7968,"Sonnet says Car Electronics (vehicle satellite radio tuner, could also be Audio)",https://m.media-amazon.com/images/I/615L-EGXijL._AC_UL320_.jpg
"Kensington VeriMark™ Gen2 USB-A Fingerprint Key Reader - Windows Hello & Windows Hello for Business, Tap and Go, Anti-Spoofing (K64704WW)",Other,57.38,Kensington,/Kensington-VeriMark-Fingerprint-Key-Business/dp/B07W8W74QR/ref=sr_1_7902?dib=eyJ2IjoiMSJ9.DYBOxVoGB4Igeh9m5InMwcOOBYzDwE3sU6vYb9FXdqiGAVy8pZbOEW-mbX12AX1Lmgcwq23cgBUifaPlAz6bvaaKq1HHSEbr6lPmlvAI27B384L2mC8nhAcySG6HowmcenukBflD8vimvf3jg8hfyAz1_YEuHEFYQLeaGJsQ62CljoL8S-OH99deh4E8I8o14RWnbnSv3Cv4lxoo1-tjaFpEfwvqXNCXW7uj7duT5gHEG0lr5JqToNaikIuWRh83-Gdf85UQUfzdhh_ueLAJ6wL8cWzvbvCc2RoWVEB0TAU.8dG7Kjtw11EKFoA_TyKZVUMltTYa-dBJXow6iIiIjag&dib_tag=se&qid=1756097165&refinements=p_n_g-101014971069111%3A119653281011&s=electronics&sr=1-7902,"Sonnet says Computers & Laptops (USB fingerprint reader for PC login, no exact category)",https://m.media-amazon.com/images/I/71iovsrGQ2L._AC_UL320_.jpg
STEALTH CAM Anti-Shock Dust-Proof Waterproof Protective Ergonomic Rubber Sealed ABS-Plasic Shell Memory Card Storage Case - Holds 12 SD & 12 MicroSD Cards,Storage & Memory Cards,16.49,Stealth Cam,/Anti-Shock-Dust-Proof-Waterproof-Protective-ABS-Plasic/dp/B0742SN4HY/ref=sr_1_8235?dib=eyJ2IjoiMSJ9.fBB65Nc7bFrqy_ZinMlLART5w8xxW8INxTzpeinp8oOxGsdeOyRNqbi6LaW6WuQlXVbdD79Oycxb2jEaub0bjgh1GfbeTKtzCBF8M6Wombc_9ooPfkkUtIZG8Qlr3nFifZRJKHkfT64fs8o-XbrN0XNYul5Dxe5aW4k6Xi5d7axiKuebB459z0VgUxRFDxEzjhhuIs748o9PR0Dw7Uhg_PHMZ1coEGw6ihiv_1vDIV8PEKH1Ck_jKPXxvD2oFuWHm66pkbTAXVmJpMgXjbrNkHnYh-WTZckLq2OPNL3JA48.Y2dAuq-iajyCAgZ58dnKHOPYeYw_Bneahr_svUq9DRk&dib_tag=se&qid=1756097356&refinements=p_n_g-101014971069111%3A119653281011&s=electronics&sr=1-8235,"Sonnet says Bags & Cases (hard case specifically for SD/microSD cards, could also fit Storage & Memory Cards)",https://m.media-amazon.com/images/I/61+9QUBXbnL._AC_UL320_.jpg
Winegard (RP-6795 White Elevating Crank,Other,12.16,Winegard,/Winegard-RP-6795-White-Elevating-Crank/dp/B0009JRVWC/ref=sr_1_8428?dib=eyJ2IjoiMSJ9.fCKPrkBY5hVVIpYjFsCDL0hC4so-8-I6GfLeiFweI8aQpr9Uydtzitevq6C7c8kkIvn6HTp49J6RIhvmwZd405rl-_jRI8QJzGlGv51Ew0__Guev0pmJA5h2up-jMGTKXULcmVdyV_TPPBtzv8nUdwqiCvyItMkVe5JRSi1noVRm_2wILsJ8YLJLYFgNvDTAQ2hn4AZ59DsVlMO8onOGj8ScAVSkHpgBOEDjVcABhUDEI3tjUfpT-Wi3hYRg8sW4qmZO_usmX_ykPrfXQUg5kk2jk3XKgSHh68GldjnpyC8.dUt2feborndhw7GqlZRkpHAJ7uiNBgHPYNT3ODjo3ZM&dib_tag=se&qid=1756097447&refinements=p_n_g-101014971069111%3A119653281011&s=electronics&sr=1-8428,Sonnet says TV & Home Entertainment (elevating crank handle for RV/Winegard TV antenna mount),https://m.media-amazon.com/images/I/71jZzxFVQyL._AC_UL320_.jpg
G-Shock GBA900UU-5A Tan One Size,Other,111.5,G-Shock,/G-Shock-GBA900UU-5A-Tan-One-Size/dp/B0B45NJXBV/ref=sr_1_8365?dib=eyJ2IjoiMSJ9.1_-YF-d85nLNW9_Quu5QLSJtgZwauD8Ls1_-HOOYNZuSWUEjgpWSIAIi2EIvf9cMyHYr4eJjJm5PVWbtbHm63Q8W_PzqVoZf5hvubPXNlGK7qOYH5Ursu6E60DhwgSV7t_9g_YroyahpjVjOIpOG0kTu43ol_jYGFYJN5wbm2LoS_Gr97-eFFkgpTlB4cICG6zeBJXbZw0cTiB9NmBvW4aPgcJzZxXyyMGVx1pqYbGnBCuyoix_-vncukBBfCJPR5Ja8OioMcANEjVfu3X_Yr1kKixvGwZm2QJaG8ZH1GTQ.Y2UjT6YAWxdWkShwjGStGB-5g5ucvw_XEP23UIy12HA&dib_tag=se&qid=1756097421&refinements=p_n_g-101014971069111%3A119653281011&s=electronics&sr=1-8365,Sonnet says Smart Home & Wearables (G-Shock GBA900 is a Bluetooth-connected fitness/step-tracking watch),https://m.media-amazon.com/images/I/71oFJLTEVTL._AC_UL320_.jpg
"Yealink MeetingBar A40-031 - All-in-One 4K Video Conferencing Solution with Dual 48MP Cameras, 120° Field of View, 8MEMS Microphone Array, CTP25 Touch Panel, Compatible with Microsoft Teams and Zoom",Audio,2699.0,Yealink,/Yealink-MeetingBar-A40-031-All-One/dp/B0DPLCGDS4/ref=sr_1_8363?dib=eyJ2IjoiMSJ9.1_-YF-d85nLNW9_Quu5QLSJtgZwauD8Ls1_-HOOYNZuSWUEjgpWSIAIi2EIvf9cMyHYr4eJjJm5PVWbtbHm63Q8W_PzqVoZf5hvubPXNlGK7qOYH5Ursu6E60DhwgSV7t_9g_YroyahpjVjOIpOG0kTu43ol_jYGFYJN5wbm2LoS_Gr97-eFFkgpTlB4cICG6zeBJXbZw0cTiB9NmBvW4aPgcJzZxXyyMGVx1pqYbGnBCuyoix_-vncukBBfCJPR5Ja8OioMcANEjVfu3X_Yr1kKixvGwZm2QJaG8ZH1GTQ.Y2UjT6YAWxdWkShwjGStGB-5g5ucvw_XEP23UIy12HA&dib_tag=se&qid=1756097421&refinements=p_n_g-101014971069111%3A119653281011&s=electronics&sr=1-8363,"Sonnet says Cameras & Photography (video conferencing bar with camera+mic+speaker, no exact category fits)",https://m.media-amazon.com/images/I/61C+4HSi9OL._AC_UL320_.jpg
"Logitech Rally bar and tap IP Bundle, 1920 Pixels x 1080 Pixels, Graphite",Other,4699.0,Logitech,/Rally-Bar-TAP-VC-Bundle/dp/B0B1DSKGLX/ref=sr_1_8524?dib=eyJ2IjoiMSJ9.5XwvUBuyxe6NBjpIdtLeeEfO9VRxRfr1cnNL23xNahLNF7Pr9b2YII1sEzJ2Tui7EZ8lLLN-Lpvr-rm1P7NHaqfBlkSn7hgmjsjK3M_vvJZZvBQJfoEOZETJBQXBSC6wOJ1Eobt8uosGUghwDlTAOrYImLFcRz22yzhYCAK9V8kAA3DwglK8mfMt3Qwd2ctl6R_eN7M7y0qkAPRMareWkMhWq794AVwHfx2AnnYP-JTUN-4WHTkL-lw3q68CKwHcVcz6W29QNhx2h26jF3ZZ7tv7X5A6ZmLur-bP1TgyKNY.dX3caLJr0I7DN2iPdpNYToVnyzT-DWvZee9K02_3qB0&dib_tag=se&qid=1756097515&refinements=p_n_g-101014971069111%3A119653281011&s=electronics&sr=1-8524,"Sonnet says Cameras & Photography (video conferencing bar with camera+mic+speaker, no exact category fits)",https://m.media-amazon.com/images/I/41i+wtw4ZML._AC_UL320_.jpg
Sony Hi8 HMP - Hi8 tape - 1 x 120min,Other,22.37,Sony,/Sony-Hi8-HMP-tape-120min/dp/B000EIQKSE/ref=sr_1_8620?dib=eyJ2IjoiMSJ9.Hs4nuBh5LGegOi3Wdaf_2lQLTHsJKSER3GCV_0Guse23XlwDP4vluIbI6Pif0OhzF6PsiSXJccxc9m2SVB-oREmW5arDk9Q05iRDX6VHDQhV5KY7uocYQzoc9o-mLmD7PUqdXKabUT9l_Jbym_AOQp4JYkwFgCD3KqFV8pj_Mb5ohuyLThzPAbn70LhLNQlZsaSvh0F_GjvfYkcVuNrESqV5RXxvgcGm0ZYvdEJQJMcitEtUrG7GLnkyuwlLKRyoNj4WsyuK_7Mo8AIyIw1L2s0UXqixo9C8gX71ImCyCNw.mC20iLEIqsOe1Q2BaBoFrbzhJpOlv1I-WGnjwdCWlUU&dib_tag=se&qid=1756097563&refinements=p_n_g-101014971069111%3A119653281011&s=electronics&sr=1-8620,"Sonnet says Storage & Memory Cards (Hi8 blank videotape, treated like recordable media)",https://m.media-amazon.com/images/I/410WQ2EC79L._AC_UL320_.jpg
Creative - Sound Blaster Audigy FX V2 Sound Card,Audio,59.99,Creative,/Creative-Sound-Blaster-Audigy-Card/dp/B09F68MSMS/ref=sr_1_8763?dib=eyJ2IjoiMSJ9.bVGBSpWBX-CHOqjFaV2O8HkCkM7RvA7NDVndHMtX-xsUMZbg9w9QXcu2oEUCsikbfvMHHU6-jB26JQ8LleGMBXb56qY_vhxCs4hwh5G1eSZR2Wgf_6YYbjQt3Idk5bNjuexns_WJbuyIzUwp9X081v_CzCrAs17-VuccTd8xU0iOI_hs2JZJsOLAx5Np1SVQhRX1sc7dY6JoxmSArhCZb8cGF_3rJ-4EOKwQw-CpdOnlTNOQIANzarkdbNLM5N20xqkF5q0zP-KBI97k4uvf9gWRT862ZKQyEqLOU8o_-1o.FqcYEkvjmgBsrc8BG0L8TQPkpMqxmGOMXL7fpTIO_1M&dib_tag=se&qid=1756097628&refinements=p_n_g-101014971069111%3A119653281011&s=electronics&sr=1-8763,"Sonnet says Computers & Laptops (PCIe sound expansion card, could arguably be Audio)",https://m.media-amazon.com/images/I/611iJETQdcL._AC_UL320_.jpg
Humminbird LakeMaster Premium Southeast States V1 Map SD Card for Fish Finders,Storage & Memory Cards,144.8,Humminbird,/Humminbird-602008-1-LakeMaster-Premium-Southeast/dp/B0BG686N2H/ref=sr_1_8841?dib=eyJ2IjoiMSJ9.BJMLJtZAg7NxOvBqAvLOej-raajRfB_sZcEnQBZ0HWXv8mhRoivgaZNnNfya7eGhFosrfoiPtJMPLnchCc7Ayo2PuVhbt0ThKFDUehyLkeMnEw0naPK3uuE6_is6nIdtFAMP3cysh51yQGIGvUzgM3ZLRcARmllHBd_nGY9rtYvw9vfVnQp1pQWLYuh_BTDDiFtzddUXVIkbMNBMsBFVdl-T8zlV0jkEYzw9PdxVEIkFeL8LMuIR_ykFFml8XYA7D-x7rKgNcB1chlagcTMFg_Q-10M5NVc3iVeVXgNlTmY.HQcIJbGpRD8suvidgmOCc5gJylODUXHJzB9YbeDSkWM&dib_tag=se&qid=1756097682&refinements=p_n_g-101014971069111%3A119653281011&s=electronics&sr=1-8841,Sonnet says Marine & GPS (map SD card specifically for fish finders vs generic memory card),https://m.media-amazon.com/images/I/717waB4lF1L._AC_UL320_.jpg
Vortex Optics Arca-Swiss Quick Release Plate,Other,,Vortex,/Vortex-Optics-Arca-Swiss-Quick-Release/dp/B08SC3T5MF/ref=sr_1_9044?dib=eyJ2IjoiMSJ9.-VCyOrIrwX94tC7yI6Z_sKc7BbL2SgoI5CsAx-_p5ESgX3souzsqBThsuru7_aP_yWcKIAgES75esIdAQvLt7HbJa94lsYrdoOpMhDF99T3OYArhJiNTibvqfoU-a6frDNg4ypjXWVU1SgZPgv5UrekQMTbbr0FxpDJjup6QqZbciyVTeyY-kXp784Qmiv2phx2EXrLndCLRx6SLNYeE_DNtECOuNW1agwA1xx5IwsShWVHB7KrLy_5PY_-JXMQGqpz15LkX2BncbTIjiIrEsfzmgdXElB0c2OQqV0867LQ.4E65eTUjxgkKRZzev1e8tUHk_FQViqgB3wlgeTxBRQ4&dib_tag=se&qid=1756097787&refinements=p_n_g-101014971069111%3A119653281011&s=electronics&sr=1-9044,"Sonnet says Cameras & Photography (Arca-Swiss tripod plate from an optics brand, could fit Optics)",https://m.media-amazon.com/images/I/81YqKSpXtdL._AC_UL320_.jpg
"Logitech Rally bar mini and tap IP Bundle, 1920 Pixels x 1080 Pixels, Graphite",Other,3599.0,Logitech,/LOGITECH-VC-Rally-Mini-Bundle/dp/B0B18LR5NV/ref=sr_1_9028?dib=eyJ2IjoiMSJ9.-VCyOrIrwX94tC7yI6Z_sKc7BbL2SgoI5CsAx-_p5ESgX3souzsqBThsuru7_aP_yWcKIAgES75esIdAQvLt7HbJa94lsYrdoOpMhDF99T3OYArhJiNTibvqfoU-a6frDNg4ypjXWVU1SgZPgv5UrekQMTbbr0FxpDJjup6QqZbciyVTeyY-kXp784Qmiv2phx2EXrLndCLRx6SLNYeE_DNtECOuNW1agwA1xx5IwsShWVHB7KrLy_5PY_-JXMQGqpz15LkX2BncbTIjiIrEsfzmgdXElB0c2OQqV0867LQ.4E65eTUjxgkKRZzev1e8tUHk_FQViqgB3wlgeTxBRQ4&dib_tag=se&qid=1756097787&refinements=p_n_g-101014971069111%3A119653281011&s=electronics&sr=1-9028,"Sonnet says Cameras & Photography (video conferencing bar with camera+mic+speaker, no exact category fits)",https://m.media-amazon.com/images/I/51veT1ift6L._AC_UL320_.jpg
"Maxell CD & DVD Quick Wipes, Remove Dirt, dust, and smudges, Great for DVDs, CDs, Playstation Discs, and Xbox Discs, 20PK (190511)",Storage & Memory Cards,7.83,Maxell,/Maxell-Remove-smudges-Playstation-190511/dp/B0BC2DX4VQ/ref=sr_1_9189?dib=eyJ2IjoiMSJ9.Kx6oepMwbwz3RkyR9oZ6BB5UvoodYvV2F0h2PcZW6V4A3cowNABPcJREW9bw4BdDDPC5NPu9Z1rA9zY_dfOiXQ4-KjZvluYSDZkDik5sGMUp_xoD7rqjUw_wyuDJcC6KLPkiAsNnED9XDtoCY1Ie66uEpcAIqbB9Nl8NP7yi-9j1FmXbtVMNm99JTyDICb1HeE4RHcdsjVEMEmxMPoalye-g4WpxxmH4jHP9NCMtdQ2RB-vtiZ3ctW5-t6acBK1pxgIHAL7WaeChyE0ZQDKLrfKDJOcX0IfqukYkvYlR3W4.wnIFn2AVv_USkqi643RIOt8WqQPmZ0EtC5J0-z9kwNU&dib_tag=se&qid=1756097860&refinements=p_n_g-101014971069111%3A119653281011&s=electronics&sr=1-9189,Sonnet says Non-Electronics (cleaning wipes for CDs/DVDs; generic cleaning product but electronics-media specific),https://m.media-amazon.com/images/I/71EH4M7xHBL._AC_UL320_.jpg
Humminbird LakeMaster Premium Great Lakes V1 Map SD Card for Fish Finders,Storage & Memory Cards,141.99,Humminbird,/Humminbird-602002-1-LakeMaster-Premium-Great/dp/B0BG6FTR6P/ref=sr_1_9315?dib=eyJ2IjoiMSJ9.feJXov-1RL_-2UVMf3fLeBjRduYdzeBuGO5kGdNBIEZ_L0aA9RwqTiaquKnBOrOk2BFujndEI-iwlB-QPUyUZ7wNMhn9BRNQjBegVcdIn8dYFW-kq_u7AMbQ1qhPTTou5JX5y4ChZxpUH2e3IhV1dv3iD7NTuLgSY2H9qLkN6uK-ac6yXEP6nDRq0s6m_MK6YaeB5Y6hz4G0v2qfJVjbqBiM5NRiaQnT0Aqn9yYBdIlL03OCeMcBBv6H2AU4jI0LHk2k4FtXztoReOTYglJgZr-BY_B90lnV669jAm-qghQ.lvhAY-vay5nlLr9mXRtEKx4WNNuu_ITywuKrE8yRLuI&dib_tag=se&qid=1756097932&refinements=p_n_g-101014971069111%3A119653281011&s=electronics&sr=1-9315,Sonnet says Marine & GPS (map SD card specifically for fish finders vs generic memory card),https://m.media-amazon.com/images/I/716v1Sw7asL._AC_UL320_.jpg
"NEEWER Suction Cup Mount for Car Compatible with Starlink Mini, 2 in 1 Satellite Mounting Kit & Protective Silicone Case with Strong Suction Cups for Car Window, Sunroof, RVs, Boat and Road Trip, ST91",Phone & Tablet Accessories,35.541000000000004,Neewer,/NEEWER-Compatible-Satellite-Protective-ST91/dp/B0DY43HRHB/ref=sr_1_9569?dib=eyJ2IjoiMSJ9.qlQKnbbBZVs3Zw0PMKCkISKEa79TXe5GwEms_FSqee8wnMn3ZIDN-d90KFIUT_anyE7X1tSHpQaB33EvMAzkQIIkDNog0N8iw80fuX3vcwD6-sHEJjJquSLuvm94T6-MX1Q9cx3Tw83dVQKzWyPogZmofBEDN60kajjZozei-d_snDYy49XYshdXEmAorktT_m3Q_BDxisIm1PoJhdSrPBzxHMvPCU7kKU166TwVnHpBRoErRsCNSnSXsDDu_66V1aGm7wxyQVXvIWpkIG7aecvceMd8I0x97EwvWR0Hb2g.sX-wt9vj40anW1PW977RBxYs0h1KvbpkjPata1yKxOg&dib_tag=se&qid=1756098059&refinements=p_n_g-101014971069111%3A119653281011&s=electronics&sr=1-9569,Sonnet says Car Electronics (car mount for Starlink satellite dish; no exact category fits a networking-device car mount),https://m.media-amazon.com/images/I/61RQwQZ1g-L._AC_UL320_.jpg
Poly Studio X52 All-in-One Video Bar with TC10 Controller Kit,Gaming,2949.0,Poly,/Poly-Studio-X52-Video-Controller/dp/B0CY3T5YXD/ref=sr_1_11568?dib=eyJ2IjoiMSJ9.sEIvLWA9DzfQmQC94iRHGBwEreN_vd1zFc6-I7brhizC_tUXOGBHhP846a3JK1WEIE7z9swx_nVfKLw4zMoEMxIvfMOgjHVU5W0IgHT-O7sEQNE6qkbHlSLX54LLaZi8LMxiAAuD4jrrwi8EtUJe0fyLZBiJnsOwYcrfn7WiAHS6qCenX45fQJS2bqBvLV2W9IxIcchyHMMLPkyTURi-bW9Uv7hxA1eZ1jSMuV0n4rkfQ1hAxF09Gi9w_4zmMfp0ogzfqRiNzrYtOLFmXlGCwt6qdI20_GOMK-m6UvOJ0dU.kOXP3pVz1agoV6SJcH9I-BlTqt_I5btMIrBBXRLfOj8&dib_tag=se&qid=1756099071&refinements=p_n_g-101014971069111%3A119653281011&s=electronics&sr=1-11568,Sonnet says Audio (video conferencing bar combines camera+speaker+mic; no exact category),https://m.media-amazon.com/images/I/31DfXtO6hcL._AC_UL320_.jpg
"RØDE Charge Case for the Wireless GO II With Two Full Recharges, Rugged Enclosure and Zip System",Other,,Røde,/Charge-Case-Wireless-Recharges-Enclosure/dp/B0C68T3JT7/ref=sr_1_11561?dib=eyJ2IjoiMSJ9.sEIvLWA9DzfQmQC94iRHGBwEreN_vd1zFc6-I7brhizC_tUXOGBHhP846a3JK1WEIE7z9swx_nVfKLw4zMoEMxIvfMOgjHVU5W0IgHT-O7sEQNE6qkbHlSLX54LLaZi8LMxiAAuD4jrrwi8EtUJe0fyLZBiJnsOwYcrfn7WiAHS6qCenX45fQJS2bqBvLV2W9IxIcchyHMMLPkyTURi-bW9Uv7hxA1eZ1jSMuV0n4rkfQ1hAxF09Gi9w_4zmMfp0ogzfqRiNzrYtOLFmXlGCwt6qdI20_GOMK-m6UvOJ0dU.kOXP3pVz1agoV6SJcH9I-BlTqt_I5btMIrBBXRLfOj8&dib_tag=se&qid=1756099071&refinements=p_n_g-101014971069111%3A119653281011&s=electronics&sr=1-11561,Sonnet says Cables & Charging (charging case for a mic accessory; could also be Bags & Cases),https://m.media-amazon.com/images/I/61RxIVHufML._AC_UL320_.jpg
Maxell 190135 Protective Thin Clear Plastic Easy Storage CD & DVD Sleeves White 50 Pack (Paper),Other,6.5,Maxell,/Maxell-190135-Protective-Plastic-Storage/dp/B000EUHPO0/ref=sr_1_17642?dib=eyJ2IjoiMSJ9.m8yMGvO1-LMMIZ38DrS_2rr6IwOzAD7zVMDbYKW6SOS8UVexdTZL0Q6pvcGwm949Rrb-Dm1Lu_gY9arhZrJ0MBMc4ZfmfsAV0Wp7Ft5E9ffjGV4W4TEdTISokvkxnaAAvYqwOhjxdI4-A-_nG0moq3U4Ak6-FR58mq9W6MWLkqMeZfIk5tM9hb8-DNmLQG-sfubSF642IqSZqVyofMEyHjrZwjHEvWJVyFkwDdJVM9igUpbHwFoFEdRh-Aw0TBagT-MLtW8ig8Fp0-_lAlFVsAIjoCsDzU3U4oT7hfqmdRw.qZdA0or5WE3zUAlLzxifzWeaLzunYEoXxH1hKPKpPiU&dib_tag=se&qid=1756145873&refinements=p_n_g-101014971069111%3A119653281011&s=electronics&sr=1-17642,"Sonnet says Storage & Memory Cards (plastic sleeves for CD/DVD storage, borderline non-electronic packaging)",https://m.media-amazon.com/images/I/61IKgelyPrL._AC_UL320_.jpg
Gator Cases Guitar Effects Pedal Power,Other,18.99,Gator,/sspa/click?ie=UTF8&spc=MTozMjMyNTIyNzUxNTc2MDg2OjE3NTY0OTA1NDA6c3BfYnRmX2Jyb3dzZTozMDAxNjQ1NjYzODg0MDI6OjA6Og&url=%2FGator-Adapter-Guitar-Effects-Pedalboard%2Fdp%2FB08JXM5ZNB%2Fref%3Dsr_1_24872_sspa%3Fdib%3DeyJ2IjoiMSJ9.h0Bdi3UCLDaRlInzNal9hxZ1sGwY1BeLh7o-_HsFsiGxiNCzsffri1c_JBNJPtHmSOfm1iovXz_O4CthuyDS2n1yRzjFBF9gfXSKil-7Aw_FHEOmY8NIs-4eWrfnnBQMsBP9IHpZjVYb1w3hKzrLGWYGLM1c-fxI_ft116dIYzw5mUEBKnJyihxYnBodR9-IyDGMv0rVryWYecG4SvCXMGPpkjxk-cG-QyWmrjP5wrugmTazYVZRc5IbnzbE-O0VR3yErwpne0liOkvad5xTSk2A6xPWDv5Ql1SPtBGMzoU.FzYxft_mg_AKLiv1gzefFK5PSm-9Qw2kWzd5MQVgkPc%26dib_tag%3Dse%26qid%3D1756490540%26refinements%3Dp_n_g-101014971069111%253A119653281011%26s%3Delectronics%26sr%3D1-24872-spons%26sp_csd%3Dd2lkZ2V0TmFtZT1zcF9idGZfYnJvd3Nl%26psc%3D1,Sonnet says Cables & Charging (power supply unit for guitar pedals; musical-gear edge case),https://m.media-amazon.com/images/I/61z0UYqONqL._AC_UL320_.jpg
