Title,true_category,sample
"Fujifilm Instax Mini 99 Instant Film Camera with Instax Mini 99 Camera Case, Photo Album (108 Count) 2 Pack of Instant Film 40 Sheets Total Essential Bundle Set",Cameras & Photography,1
"JBL Tune Buds - True wireless Noise Cancelling earbuds, JBL Pure Bass Sound, Bluetooth 5.3, 4-Mic technology for Crisp, Clear Calls, Up to 48 hours of battery life, Water and dust resistant (Black)",Audio,1
SANUS On-Wall Low Profile 1080J Fireproof Surge Protector with 6 AC Outlets & 3 Lines of Protection - Includes Power Signal Filtering Black,Power Strips & Surge Protectors,1
"Logitech Zone 300 Wireless Bluetooth Headset with Noise-Canceling Microphone, Compatible with Windows, Mac, Chrome, Linux, iOS, iPadOS, Android – Off-White",Audio,1
"Poly - Voyager 4320 UC Wireless Headset + Charge Stand (Plantronics) - Headphones with Boom Mic - Connect to PC/Mac via USB-A Bluetooth Adapter, Cell Phone via Bluetooth - Works with Teams, Zoom &More",Audio,1
2 x MAXELL SR626SW 377 1.55v Silver Oxide Button Cell Watch Battery - Official Genuine Maxell,Batteries,1
"Ilford 1574577 HP5 Plus, Black and White Print Film, 35 mm, ISO 400, 36 Exposures (Pack of 3)",Cameras & Photography,1
Sony Tough G Series SDXC UHS-II Memory Card 256GB,Storage & Memory Cards,1
New BAOFENG DM32 Walkie Talkie DMR GPS 10W Programming Multi Band Wireless Copy Frequency Type-C DM-32UV Ham 2 Way Ra,Audio,1
"Rockford Fosgate M0-65 Marine Grade 6.5"" Coaxial Full Range Speakers - White (Pair)",Audio,1
"NETGEAR WiFi Range Extender (EX6120) - Add up to 1,500 sq. ft., 25 Devices - AC1200 Dual Band Wireless Signal Booster & Repeater (Up to 1.2 Gbps Speed), Compact Wall Plug Design – Free Expert Help",Networking,1
"Kensington Hi-Fi On-Ear Headphones with 9-Foot Cord, 3.5mm Jack Headset (K33137)",Audio,1
"Original HP 64 Tri-color / 64XL Black Ink Cartridges (2-Pack) | Works with HP ENVY Inspire 7250e, 7950e Series; HP ENVY Photo 6200, 7100, 7800 Series",Printers & Ink,1
"ARRIS (G34) - Cable Modem Router Combo - Fast DOCSIS 3.1 Gigabit WiFi 6 (AX3000), Approved for Comcast Xfinity, Cox, Spectrum & More, 1 Gbps Max Internet Speeds",Networking,1
"JBL Go 4 - Ultra-Portable, Waterproof and Dustproof Bluetooth Speaker, Big Pro Sound with Punchy bass, 7-Hour Built-in Battery, Made in Part with Recycled Materials (Black)",Audio,1
"MOSISO Compatible with MacBook Air 13 inch Case 2025 2024 2023 2022 M4 A3240 M3 A3113 M2 A2681, Plastic Hard Shell&Keyboard Cover&Screen Film&Type C for MacBook Air 13.6 inch Case, Emerald Green",Computers & Laptops,1
"8BitDo All-Button Arcade Controller for Xbox Series X|S, Xbox One & PC, 2.4G Wireless, Low-profile Mechanical Switches, Programmable Buttons, Hot-swappable PCB, RGB Lighting - Officially Licensed",Gaming,1
"HP 131A Magenta Toner Cartridge for HP Printers | Works with Printer Series: LaserJet Pro 200 color M251, LaserJet Pro 200 color MFP M276 | CF213A",Printers & Ink,1
"Klipsch The Three Plus Premium Bluetooth Speaker System, Walnut",Audio,1
"DYMO Industrial Label Maker & Carry-Case RhinoPRO 5200 Label Maker, for Job Sites and Heavy-Duty Labeling Jobs, Prints Fast, Includes 2 Rolls of DYMO Industrial Vinyl Labels",Office & School Supplies,1
"Brother MFC-J1205W INKvestment -Tank Wireless Multi-Function Color Inkjet Printer with Up to 1-Year in Box, Works with Alexa",Printers & Ink,1
Ubiquiti UniFi U6 Enterprise Access Point | US Model | PoE Adapter not Included,Networking,1
"Uniden BEARCAT 880 CB Radio with 40 Channels and Large Easy-to-Read 7-Color LCD Display with Backlighting, Backlit Control Knobs/Buttons, NOAA Weather Alert, PA/CB Switch, and Wireless Mic Compatible",Audio,1
"Brother P-touch Label Maker, PC-Connectable Labeler, PTD600, Color Display, High-Resolution PC Printing, Black, Black/gray",Office & School Supplies,1
HP 307A Magenta Toner Cartridge | Works with HP Color LaserJet Professional CP5225 Series | CE743A,Printers & Ink,1
Apple MacBook Pro 13.3in Retina Laptop Intel i5 Dual Core 2.6GHz 8GB 128GB SSD - MGX72LL/A (Renewed),Computers & Laptops,1
"Logitech Combo Touch iPad Air (4th, 5th gen - 2020, 2022) Keyboard Case - Oxford Grey (Renewed)",Phone & Tablet Accessories,1
Apple Magic Trackpad - White Multi-Touch Surface ​​​​​​​,Keyboards & Mice,1
Yealink MP56-TEAMS-E2 - PoE - Android 13 OS - 7 inch (1024 x 8600) capacitive Touch Screen - Power Adapter NOT Included,Phone & Tablet Accessories,1
"Apple Mid 2015 iPad Mini 4 7.9-inch, Wi-Fi, 64GB Gold (Renewed)",Phone & Tablet Accessories,1
"Panasonic Comfort Fit Headset for TCA Series Cordless Landline Phones, Foldable Headset with Flexible Noise-Cancelling Microphone and Volume Control, 2.5 mm Plug, Grey/Silver KX-TCA430",Audio,1
ASRock AMD B850 Phantom Gaming Riptide WiFi 7 Socket AM5 Ryzen 9000/8000/7000 Series DDR5 8000+ (OC) MHz 256GB ATX Motherboard M.2 SATA3 6.0 Gb/s PCIe 5.0,Computers & Laptops,1
"Maxell – 625335, Premium Quality Noise free Surface Playback Recordable CDs 700Mb Storage – 32x, Write Speed 80 minutes - Blank CDs, CD Storage & Reusable Spindle Case Holder – 30 Pack",Storage & Memory Cards,1
"Hisense HS2100 2.1 Ch 240W Sound Bar with Wireless Subwoofer - DTS Virtual X, Dolby Audio, Ezplay, 6 EQ Modes, HDMI ARC, Bluetooth 5.3",Audio,1
SanDisk Cruzer Blade 8GB USB 2.0 Flash Drive- SDCZ50-008G-B35,Storage & Memory Cards,1
"Bose SoundLink Revolve+ (Series II) Bluetooth Speaker, Portable Speaker with Microphone, Wireless and Water Resistant with 360 Degree Sound, Long Lasting Battery and Handle, Black",Audio,1
"Sennheiser RS 120-W On-Ear Wireless Headphones for Crystal-clear TV Listening with 3 Sound Modes, Lightweight Design, Easy Volume Control, 60 m Range and Convenient Transmitter/Charger Combo - Black",Audio,1
"Boxed INTEL I5-13400F 20M Cache, UP to 4.60GHZ",Computers & Laptops,1
"HP 17.3"" Touchscreen Laptop, Intel Core i3-N305, 32GB RAM, 128GB eMMC + 1TB SSD, Numeric Keypad, Webcam, HDMI, Wi-Fi 6, Windows 11 Home, Silver",Computers & Laptops,1
"Shure SM58 Pro XLR Dynamic Microphone with On/Off Switch - Professional Studio & Live Performance Cardioid Mic for Vocals, Podcasting, and Recording (SM58S)",Audio,1
GoPro Protective Housing (HERO13 Black/HERO12 Black/HERO11 Black/HERO10 Black/HERO9 Black) - Official GoPro Accessory,Cameras & Photography,1
"Polk Audio T15 Home Theater and Stereo Bookshelf Speakers – Deep Bass Response, Dolby and DTS Surround, Wall-Mountable, Pair, Black",Audio,1
"TP-Link ER605 V2 Wired Gigabit VPN Router, Up to 3 WAN Ethernet Ports + 1 USB WAN, SPI Firewall SMB Router, Omada SDN Integrated, Load Balance, Lightning Protection",Networking,1
"Amazon Basics Smart Plug Power Strip with 6 Individually Controlled Outlets and 3 USB Ports (2 USB-A and 1 USB-C), Works with Alexa Only, 2.4 GHz Wi-Fi, No Hub Required, White",Power Strips & Surge Protectors,1
"Aputure Amaran 300c RGB COB Video Light Bowen Mount 2,500K to 7,500K CCT with G/M Adjustment 26,580 lux @ 1m with Hyper Reflector Support APP Control",Cameras & Photography,1
Sony WH-CH720N Noise Canceling Wireless Headphones (Renewed),Audio,1
Casio HS-8VA Mini 6-Function Calculator | Large 8-Digit LCD Display | Solar Powered with Battery Backup | Standard Function | Portable Pocket Size,Office & School Supplies,1
"Philips SmartSleep Wake-up Light, Colored Sunrise and Sunset Simulation, 5 Natural Sounds, FM Radio & Reading Lamp, Tap Snooze, HF3520/60",Smart Home & Wearables,1
"Logitech Brio 501 Full HD Webcam with Auto Light Correction,Show Mode, Dual Noise Reduction Mics, Privacy Cover, Works with Microsoft Teams, Google Meet, Zoom, USB-C Cable - Black",Cameras & Photography,1
"Broan-NuTone 505 Exhaust Fan, White Vertical Discharge Ceiling Ventilation Fan, 8.5 Sones, 200 CFM, 8""",Other,1
"Belkin Pro Keyboard Case w/Magnetic Stand, Backlit Bluetooth Keyboard, Multi-Gesture Controls, Magnetic Apple Pencil Storage Compatibility, & Multimedia Keys for iPad Pro 11"" (M4) - Black",Phone & Tablet Accessories,1
"Amazon Basics Multi-Angle Portable Stand for iPad Tablet, E-reader and Phone - Black",Phone & Tablet Accessories,1
"CORSAIR iCUE Link Titan 360 RX RGB Liquid CPU Cooler – 360mm AIO – Low-Noise – FlowDrive Cooling Engine – Intel LGA 1851/1700, AMD AM5/AM4 – 3X RX120 RGB Fans – iCUE Link System Hub Included – Black",Computers & Laptops,1
"UGREEN 35W USB C Charger, Nexode 2-Ports GaN Foldable PPS Compact Fast Wall Charger Block for iPhone 16/15/14/13, Galaxy S25/S24/S23, Pixel 8 Pro/8/7, iPad, MacBook, Steam Deck",Cables & Charging,1
G.SKILL Ripjaws S5 Series (Intel XMP 3.0) DDR5 RAM 32GB (2x16GB) 6000MT/s CL30-40-40-96 1.35V Desktop Computer Memory UDIMM - Matte Black (F5-6000J3040F16GA2-RS5K),Computers & Laptops,1
"Bose QuietComfort Ultra Bluetooth Headphones, Wireless Headphones with Spatial Audio, Over Ear Noise Cancelling with Mic, Up to 24 Hours of Playtime, Black",Audio,1
"LISEN 3 in 1 Charging Station for Apple, Cargador Inalámbrico para iPhone Wireless Charging Station for Magsafe Charger Stand Cube, Foldable for iPhone16 16e 15 14 13 and Watch Gray",Phone & Tablet Accessories,1
MSI MAG A650BE Gaming Power Supply - 80 Plus Bronze Certified 650W - Semi-Modular - Low Noise ATX PSU,Computers & Laptops,1
Kingston FURY Impact 64GB (2x32GB) 5600MT/s DDR5 CL40 Laptop Memory Kit of 2 | Lower Power Comsumption | Intel XMP 3.0 | Plug N Play | KF556S40IBK2-64,Computers & Laptops,1
"Lenovo ThinkVision S24e-20 23.8"" Full HD WLED LCD Monitor - 16:9 - Raven Black",Monitors & Displays,1
"DEWALT Heavy Duty Black Edition 2-in-1 Neckband Bluetooth Headphones w/Built-in Speakers, Jobsite Wearable Speaker & Around Neck, Wireless Headset, 60+ Hrs Hands-Free Music & Calls, Carry Pouch",Audio,1
PNY 128GB Duo Link iOS USB 3.2 Dual Flash Drive,Storage & Memory Cards,1
GIGABYTE - Gaming A16 Gaming Laptop - 165Hz 1920x1200 WUXGA - NVIDIA GeForce RTX 5060 - AMD Ryzen 7 260-1TB SSD with 16GB DDR5 RAM - Windows 11 Home AD Gaming A16 3VHK3US894SH,Computers & Laptops,1
"Brother Genuine LC30333PKS 3-Pack, Super High-yield Color INKvestment Tank Ink Cartridges; Includes 1 Cartridge each of Cyan, Magenta & Yellow, Page Yield Up to 1,500 Pages/Cartridge, LC3033",Printers & Ink,1
"Amazon Basics Comb Binding Machine, 350 Sheets Capacity, for paper sizes A5(15 holes)/Letter(19 holes)/A4(21 holes) with Adjustable Margin, Grey",Office & School Supplies,1
"Insta360 3m 9.8ft Extended Edition Selfie Stick for X4, X3, ONE RS, ONE X2, ONE R, ONE X, ONE Action Camera",Cameras & Photography,1
"VIVO Monitor and Laptop Stand, 24 inch Desktop Riser, Black, STAND-V000D",Computers & Laptops,1
"Westinghouse 32 Inch TV with DVD Player Built in, HD LED Small Flat Screen Non-Smart Television DVD Combo, Works with Fire Stick, Roku, Apple TV, TiVo, Xumo, and Streaming Devices",TV & Home Entertainment,1
Ubiquiti U6+ Dual Band IEEE 802.11 a/b/g/n/ac/ax 3 Gbit/s Wireless Access Point,Networking,1
"LISEN USB-C to Magnetic 3 Cable (6.6FT) for M4 MacBook Air Pro Charger, 140W Magnetic Safe 3 Cable for MacBook Air (15''/13'' M4 2025, M3 2024, M2 2023, M2 2022), Pro (16""/14"" 2024/2023/2021)",Cables & Charging,1
Ooma Telo Air VoIP Free Internet Home Phone Service with Wireless Connectivity. Affordable landline replacement. Unlimited nationwide calling. Call on the go with free mobile app. Can block robocalls,Phone & Tablet Accessories,1
"Antennas Direct ClearStream 2V Indoor Outdoor TV Antenna UHF VHF Multi-Directional, 60+ Mile Range, 4K 8K UHD, NEXTGEN TV – w/Reflector, 20-inch Mast",TV & Home Entertainment,1
"Baseus 17-in-1 Docking Station, Laptop Docking Station 3 Monitors with 3 * 4K HDMI, USB C Docking Station with 7 USB, 1000Mbps Ethernet, 100W PD, Card Readers Compatible with Acer/HP/Lenovo/Mac/Dell",Computers & Laptops,1
"Amazon Basics Adjustable Boom Arm Height Microphone Stand with Tripod Base, Up to 85.75 Inches - Black",Audio,1
"Lenovo V15 Gen 4 Laptop, 15.6” FHD, Octa-Core Intel Core i5-13420H, 40GB RAM, 1TB SSD, Windows 11 Home – Slim, Fast, and Ready for Work or Study, School and Office, PCO Foldable Laptop Cooler",Computers & Laptops,1
"Amazon Basics Dynamic Microphone - Professional Vocal Mic with Cable for Karaoke, Podcasting, Live Performance",Audio,1
Furman M-8x2 Merit Series 8 Outlet Power Conditioner & Surge Protector with (2) Hosa 18 Gauge Electrical Extension Cable,Power Strips & Surge Protectors,1
G.SKILL Ripjaws DDR5 SO-DIMM Series DDR5 RAM 32GB (2x16GB) 5600MT/s CL40-40-40-89 1.10V Unbuffered Non-ECC Notebook/Laptop Memory SO-DIMM (F5-5600S4040A16GX2-RS),Computers & Laptops,1
"Canon Ivy 2 Mini Photo Printer (Blush Pink) - Bluetooth, Print from iOS & Android Devices, Bundle Incl. 110 Zink Sticky-Back Prints, LED Light Bar, Protective Case, and USB Cable",Printers & Ink,1
"HP OfficeJet Pro 9125e All-in-One Printer, Color, Printer-for-Small Medium Business, Print, Copy, scan, fax,Touchscreen; Smart Advance Scan, 3 month Instant Ink trial included",Printers & Ink,1
"SAMSUNG 15.6"" Galaxy Book4 Edge Business Laptop, Copilot + AI PC Computer, Snapdragon X Plus Processor, Live Captions, FHD LED Anti-Glare Display, Long-Lasting Battery, 2024 Version, NP754XQA-KB2US",Computers & Laptops,2
"Canon imageCLASS MF653Cdw - Wireless Duplex Color Laser Printer, Multifunction with Copier, Scanner, Mobile Ready, 3 Year Limited Warranty, 22 PPM, White",Printers & Ink,2
"Hoover ONEPWR Lithium-Ion Battery Charger, Battery Charger for Hoover ONEPWR Products, Temperature Control, Rapid Charge Technology, Flashing Indicator Lights, Tool and Vacuum Power",Batteries,2
"CyberPower CP1500PFCLCD PFC Sinewave UPS Battery Backup and Surge Protector, 1500VA/1000W, 12 Outlets, AVR, Mini Tower; UL Certified",Power Strips & Surge Protectors,2
"Garmin vívoactive® 6, Health and Fitness GPS Smartwatch, AMOLED Display, Up to 11 Days of Battery, Slate with Black Band",Smart Home & Wearables,2
"Canon EOS R50 Mirrorless Camera RF-S18-45mm F4.5-6.3 is STM Lens Kit, 24.2 Megapixel CMOS (APS-C) Sensor, 4K Video, Hybrid Camera, Photo and Video, Vlogging, Content Creator, RF Mount, Black",Cameras & Photography,2
Microsoft Ergonomic Keyboard for Business - Wired - Black,Keyboards & Mice,2
"RØDE Wireless ME Ultra-compact Wireless Microphone System with Built-in Microphones, GainAssist Technology and 100m Range for Filmmaking, Interviews and Content Creation, Wireless ME",Audio,2
Razer Viper Ultimate Lightweight Wireless Gaming Mouse & RGB Charging Dock: Hyperspeed Wireless Technology - 20K DPI Optical Sensor - 74g Lightweight - 70 Hr Battery - Mercury White,Keyboards & Mice,2
Lian Li GA II LCD 360MM AIO - Asetek 8th Gen - 2.88” IPS LCD screen liquid cooler - Screen recording for videos and photos - Pre-installed daisy-chained ARGB fans or UNI FAN SL-INF fans (GA2ALCD36INB),Computers & Laptops,2
"Cobra MR F45-D Fixed Mount VHF Marine Radio – 25 Watt VHF, Submersible, LCD Display, Noise Cancelling Microphone, NOAA Weather Channels, Signal Strength Meter, Scan Channels, White",Marine & GPS,2
Lenovo Basic Laptop Sleeve 14 Inch Notebook/Tablet Compatible with MacBook Air/Pro Neoprene Material - Soft Fleece Lining - Zippered Top Opening - Black,Bags & Cases,2
"Motorola MT7711 24X8 Cable Modem/Router with Two Phone Ports, DOCSIS 3.0 Modem, and AC1900 Dual Band WiFi Gigabit Router, for Comcast XFINITY Internet and Voice",Networking,2
"EPSON 542 EcoTank Ink Ultra-high Capacity Bottle Color Combo Pack (T542520-S) Works with EcoTank Pro ET-5150, ET-5170, ET-5180, ET-5800, ET-5850, ET-5880, ET-16600, ET-16650",Printers & Ink,2
"Sennheiser HD 560 S Over-The-Ear Audiophile Headphones - Neutral Frequency Response, E.A.R. Technology for Wide Sound Field, Open-Back Earcups, Detachable Cable, (Black) (HD 560S)",Audio,2
"Powermax 100-Count Double AA Batteries, Ultra Long Lasting Alkaline Battery for Home and Office, 10-Year Shelf Life, Reclosable Packaging",Batteries,2
Sandisk SDSQXCD-128G-GN6MA Extreme Pro Microsdxc 128gb+sd Flsh Adapter 200mb/s 90mb/s A2 C10 V30 U,Storage & Memory Cards,2
"Crucial P3 500GB PCIe Gen3 3D NAND NVMe M.2 SSD, up to 3500MB/s - CT500P3SSD8",Computers & Laptops,2
Sony WH-1000XM5 Noise Canceling Wireless Headphones - 30hr Battery Life - Over-Ear Style - Optimized for Alexa and Google Assistant - Built-in mic for Calls - Black - International Version No Warranty,Audio,2
"GIGABYTE X870E AORUS Elite WIFI7 AMD AM5 LGA 1718 Motherboard, ATX, DDR5, 4X M.2, PCIe 5.0, USB4, WIFI7, 2.5GbE LAN, EZ-Latch, 5-Year Warranty",Computers & Laptops,2
Audio-Technica AT-LP60XBT-BK Fully Automatic Wireless Belt-Drive Turntable (Black) (ATLP60XBTBK),Audio,2
"Sapphire 11349-01-20G Nitro+ AMD Radeon™ RX 9070 Gaming OC Graphics Card with 16GB GDDR6, AMD RDNA 4",Computers & Laptops,2
"Hisense 32-Inch Class A4 Series FHD 1080p Smart Fire TV (32A4NF, 2025 Model) - DTS Virtual: X, Slim Bezel Design, Alexa Built in",TV & Home Entertainment,2
"Lenovo 100 Wired USB Computer Mouse for PC, Laptop, Computer with Windows - Full-Size - Ambidextrous Design - 3 Buttons - Red Optical Sensor – Black",Keyboards & Mice,2
"SanDisk 128GB Ultra SDXC UHS-I Memory Card - 120MB/s, C10, U1, Full HD, SD Card - SDSDUN4-128G-GN6IN [Older Version]",Storage & Memory Cards,2
G.SKILL Trident Z5 Neo RGB Series (AMD Expo) DDR5 RAM 64GB (2X 32GB) 6000MT/s CL26-36-36-96 1.45V Desktop Computer Memory U-DIMM - Black (F5-6000J2636H32GX2-TZ5NR),Computers & Laptops,2
Muddy Basic Trail Camera Arm with Pan Head for Precision Game Cam Positioning,Cameras & Photography,2
LG GP65NB60 8X USB 2.0 Super Multi Ultra Slim Portable DVD Writer Drive +/-RW External Drive with M-DISC Support - Black,Storage & Memory Cards,2
"Lenovo ThinkPad T16 Gen 3 Business Laptop 16” FHD+ Display, Intel Ultra 5-125U (Beats i7-1355U), 32GB DDR5 RAM, 1TB SSD, 5MB Webcam, WiFi 6E + BT, RJ-45, HDMI, Win 11 Pro, 3 Yr Wty, AI Copilot - Black",Computers & Laptops,2
Intel Core i5-14400F Desktop Processor 10 cores (6 P-cores + 4 E-cores) up to 4.7 GHz,Computers & Laptops,2
"Ooma Telo VoIP Free Internet Home Phone Service. Affordable landline replacement. Unlimited nationwide calling. Call on the go with free mobile app. Low international rates. Can block robocalls, black",Phone & Tablet Accessories,2
"Logitech G Astro A10 Gen 2 Cross-Platform Wired Gaming Headset for PlayStation 5/4, Xbox S|X, Nintendo Switch, PC: 3.5mm Headphone Jack, 32mm Drivers, Flip-to-Mute Mic, Over-Ear - Grey",Audio,2
Intel® Core™ i7-14700K New Gaming Desktop Processor 20 cores (8 P-cores + 12 E-cores) with Integrated Graphics - Unlocked,Computers & Laptops,2
"Amazon Basics Rechargeable NiMh Battery with Bay Charger, 8 AAA 800mAh + 8 AA 2000mAh, No AC Power Adapter, USB C Port, Pack of 16, Black",Batteries,2
"HP Premium Plus Photo Paper, Satin, 8.5x11 in, 50 sheets (CR667A)",Printers & Ink,2
Beats Studio Buds Totally Wireless Noise Cancelling Earphones - Black (Renewed),Audio,2
"Tripp Lite 1 Outlet Portable Surge Protector Power Strip, Direct Plug In, $5,000 Insurance (SPIKECUBE)",Power Strips & Surge Protectors,2
"Amazon Basics RJ45 Cat 7 Ethernet Patch Cable, Flat, 600MHz, Snagless, Includes 20 Nails, 50 Foot, White",Networking,2
"LISEN Coiled USB C Cable, 2 Pack for Android Auto & CarPlay Cable, 4FT Short USB A to USB C Cable Compatible with iPhone 16/15, Samsung Galaxy S25/S24/S23 A15/A14, Google Pixel 9/8, Moto, OnePlus, TCL",Cables & Charging,2
"WYZE Floodlight Camera v2, Security Camera Outdoor, 2K HD with Color Night Vision, 2800-Lumen LEDs, 160° Wide View, 105dB Siren, Works with Alexa & Google Assistant, Wired, Free Expert Support",Cameras & Photography,2
"WD_Black 1TB C50 Storage Expansion Card, Officially Licensed for Xbox – Quick Resume, Plug & Play, NVMe SSD Expansion for Xbox Series X|S Gaming Consoles - WDBMPH0010BNC-WCSN",Storage & Memory Cards,2
"Avery Printable Tab Inserts for Hanging File Folders, 1/2"" x 2"", 1/5 Cut, White, 100 Index Tab Inserts (11136)",Office & School Supplies,2
"acer 311 Chromebook 2025 Flagship Slim Light Laptop, 11.6"" HD Display, Dual-Core Intel N4500 Processor (Upto 2.80GHz), 4GB RAM, 64GB eMMC, Wi-Fi 5, Webcam 8+ Hrs Battery, Chrome OS +HubxcelAccessory",Computers & Laptops,2
"Mounting Dream TV Mount Fixed for Most 26-60 Inch LED, LCD and Plasma TVs, TV Wall Mount TVs Bracket up to VESA 400x400mm and 100 LBS Loading Capacity, Low Profile and Space Saving Flat Mount MD2361-K",TV & Home Entertainment,2
"Fujifilm Instax Mini 12 Camera Bundle - Purple, 20 Film Sheets, Carrying Case, Shutter Accessories",Cameras & Photography,2
"Insta360 Action Invisible Selfie Stick, Compatibility: X4, GO 3S, Ace Pro, Ace, GO 3, X3, ONE RS 1-Inch 360 Edition, ONE RS (4K/Twin), GO 2, ONE X2, ONE R, ONE X",Cameras & Photography,2
ASRock RX 6600 8GB CLD Challenger D gddr6,Computers & Laptops,2
"HP Chromebook Thin Laptop Student Business 2024, 14"" HD Display, Quad-Core Intel Celeron N4120 Processor, 4GB RAM, 64GB eMMC, HD Webcam, WiFi, Long Battery, Chrome OS +HubxcelAccessory Gray",Computers & Laptops,2
"Dell Universal Dock - D6000S, Equipped with USB-C/USB-A PowerShare Options, Connect Upto Three 4K Displays, LED Indicator, Black",Computers & Laptops,2
"HP 202A Cyan Toner Cartridge | Works with HP Color LaserJet Pro M254, HP Color LaserJet Pro MFP M281 Series | CF501A",Printers & Ink,2
"Cobra MR F77B GPS Fixed Mount VHF Marine Radio – 25 Watt VHF, Built-In GPS Receiver, Submersible, LCD Display, Noise Cancelling Mic, NOAA Weather, Signal Strength Meter, Scan Channels, Black/Grey",Marine & GPS,2
"JBL Go 3 - Portable Bluetooth Speaker, Built-in Battery, Waterproof and Dustproof Feature JBLGO3BLUAM, Bonus Keychain LED Included - Blue",Audio,2
"Canon CLI-42 Genuine Yellow Ink Tank, Compatible with PIXMA PRO-100 Printers",Printers & Ink,2
Sony FE 16-35mm F2.8 GM II,Cameras & Photography,2
Toshiba N300 8TB NAS 3.5-Inch Internal Hard Drive - CMR SATA 6 GB/s 7200 RPM 512 MB Cache - HDWG780XZSTA,Storage & Memory Cards,2
"Corsair MP700 PRO 2TB M.2 PCIe Gen5 x4 NVMe 2.0 SSD – M.2 2280 – Up to 12,400MB/sec Sequential Read – High-Density TLC NAND – Black",Computers & Laptops,2
JBL Wind 3 FM Bluetooth Handlebar Speaker (Black/Orange),Audio,2
"HP 60 Black Ink Cartridge | Works with DeskJet D1660, D2500, D2600, D5560, F2400, F4200, F4400, F4580; ENVY 100, 110, 120; PhotoSmart C4600, C4700, D110a Series | CC640WN",Printers & Ink,2
"SanDisk 256GB Extreme PRO SDXC UHS-II Memory Card - C10, U3, V60, 6K, 4K UHD, SD Card - SDSDXEP-256G-GN4IN",Storage & Memory Cards,2
"Canon Office Products 2204C001 Canon P170-DH-3 Desktop Printing Calculator with Currency Conversion, Clock & Calendar, and Time Calculation, Black/White/Silver, 14.60 Inch x 9.60 Inch x 3.00 Inch",Office & School Supplies,2
"ARCTIC MX-4 (incl. Spatula, 4 g) - Premium Performance Thermal Paste for All Processors (CPU, GPU - PC), Very high Thermal Conductivity, Long Durability, Safe Application",Computers & Laptops,2
Pyle 150J Surge Protector Power Strip - 9 Outlet - 15 Amp - 1U Rack Mount with AC Filter - Heavy Duty Extension Cord - Overload Protection for Home/Office/Server Use - PCO850,Power Strips & Surge Protectors,2
"ASUS ThunderboltEX 4 with Intel® Thunderbolt™ 4 JHL 8540 Controller, 2 USB Type-C Ports, up to 40Gb/s bi-Directional Bandwidth, DisplayPort 1.4 Support, up to 100W Quick Charge, Black",Computers & Laptops,2
"UGREEN Ethernet Extender 10Gbps,2 Pack Ethernet Coupler with PoE Support, 328ft Long Distance Extend, Compatible with Cat8 Cat7 Cat6 Cat5 Cable, Black",Networking,2
"ESR for AirPods Pro 2nd Generation Case (USB-C/Lightning Cable), Compatible with AirPods Pro Case (2023/2022/2019), Magnetic Lid, Full Drop Protection Cover with Carabiner, Cloud Series, Black",Audio,2
"Pioneer TS-501M 4-Way Coaxial Car Audio Speakers (Pair) - 5-1/4"" Round, 300 W Max Power, Black and Red",Audio,2
"MSI Gaming RTX 5090 32G SUPRIM SOC Graphics Card (32GB GDDR7, 512-bit, Extreme Performance: 2580 MHz, DisplayPort x3 2.1a, HDMI 2.1b, NVIDIA Blackwell Architecture)",Computers & Laptops,2
OWC Atlas FXR Thunderbolt (USB-C) + USB 3.2 (10Gb/s) CFexpress Card Reader,Storage & Memory Cards,2
"Dell Latitude 5000 5430 14"" Rugged Notebook - Full HD - 1920 x 1080 - Intel Core i5 11th Gen i5-1145G7 Quad-core (4 Core) 2.60 GHz - 16 GB Total RAM - 512 GB SSD - Black",Computers & Laptops,2
Quad Lock Phone Ring/Stand,Phone & Tablet Accessories,2
Logitech C920 Hd Pro Webcam (Black) Black,Cameras & Photography,2
SANUS Extendable Soundbar Wall Mount for Sonos Arc & Sonos Arc Ultra Soundbar – 5” Depth Adjustment Optimized for Dolby Atmos - Black Speaker Mount,Audio,2
"NETGEAR Powerline Adapter Kit, 2000 Mbps Wall-Plug, 2 Gigabit Ethernet Ports with Passthrough + Extra Outlet (PLP2000-100PAS)",Networking,2
"Ray-Ban Meta Glasses, Wayfarer",Smart Home & Wearables,2
"HP Pro 400 G9 Mini PC Desktop Computer, Intel CPU, 16GB DDR5 RAM, 256GB PCIe SSD, Triple 4K Display Support, USB-C, Ultra-Quiet Design, Bluetooth 5.2, WiFi 6, Keyboard and Mouse, Windows 11 Pro",Computers & Laptops,2
"ASUS ZenWiFi BT10 Tri-Band WiFi 7 Mesh, 18 Gbps, 6000 sq.ft (2pk), Dual 10G Ports, Security and Parental Controls Included, Smart Home Master SSIDs, 4G & 5G Mobile Tethering",Networking,2
"SAMSUNG Galaxy Tab A7 Lite (2021, 32GB, 3GB RAM) 8.7"" (WiFi + Cellular) 5100mAh Battery, Android 11, 4G LTE Tablet GSM Unlocked, International Model - SM-T225 (Fast Car Charger Bundle, Gray)",Phones & Tablets,2
"Roku 3920RW-SW Premiere - 4K/HDR Streaming Media Player, Enabled with Premium High Speed HDMI Cable & Simple Remote, Wi-Fi, with HDMI Cable and USB Extension Cord",TV & Home Entertainment,2
"Sony Alpha 7R IVA Full Frame Mirrorless Interchangeable Lens Camera w/High Resolution 61MP Sensor, up to 10FPS with Continuous AF/AE Tracking (Renewed)",Cameras & Photography,2
"Apple 2020 Mac Mini with Apple M1 Chip, 8GB RAM, 256GB SSD Storage - Silver (Renewed)",Computers & Laptops,2
