Title,brand,current_price
"Amazon Basics 10 Security-Tinted Self-Seal Business Letter Envelopes, Peel & Seal Adhesive Closure, White, 500-Pack",Amazon Basics,18.99
"Amazon Basics 5-Shelf Adjustable Heavy Duty Steel Wire Rack Storage Shelving Organizer for Kitchen, Garage, 36"" L x 14"" W x 72"" H, Black",Amazon Basics,60.23
"Amazon Basics Aluminum Storage Clipboard, Two-Tier, Standard Clip, 14"" x 9"", Silver",Amazon Basics,15.81
"Amazon Basics Blank Index Cards, White, 3"" x 5"", 1000 Count (10 Pack of 100)",Amazon Basics,7.34
"Amazon Basics Classic Lined Notebook, 240 Pages Hardcover, 5 x 8.25-Inch, Black",Amazon Basics,7.68
"Amazon Basics Classification Folder with Prongs, 100% Recycled, 2 Dividers, 2"" Embedded, 12.17 x 10.39 inch (Letter) Size, Light Blue, 10 Count per Box",Amazon Basics,13.49
"Amazon Basics Dry Erase Markers For Whiteboards, Chisel Tip, Low-Odor, Assorted Colors, Pack of 12",Amazon Basics,
"Amazon Basics Dry-Erase Whiteboard Eraser, for School, Office, Home, and Classroom, Black, 4-Pack,",Amazon Basics,7.84
"Amazon Basics Expanding File Folder Organizer with Pockets, Letter Size, 3.5-Inch Expansion, 25-Pack, 9.5 x 11.75 Inches, Brown",Amazon Basics,23.4
"Amazon Basics Expanding Organizer File Folder, Letter Size - Black, 1-Pack",Amazon Basics,8.08
"Amazon Basics File Folders with Tabs for Filing, 1/3-Cut Tab, Assorted Positions, 8.5x11 inches, Letter Size, Manila, Pack of 100",Amazon Basics,11.1
"Amazon Basics Hanging File Folders, Letter Size, Gray, 25-Pack",Amazon Basics,13.26
"Amazon Basics Hanging Organizer File Folders for Efficient Filing, Sturdy, Adjustable Tabs, Letter Size, Pack of 25, Green",Amazon Basics,9.27
"Amazon Basics Magnetic White Board with Pen Tray, Dry Erase Board, Aluminum Trim, 35.4"" x 23.6""",Amazon Basics,32.89
"Amazon Basics Manila File Folders with Fasteners for Organized Filing, Letter Size, Beige, 50-Pack",Amazon Basics,15.5
"Amazon Basics Rectangular Plastic Desk Organizer, Magazine Rack, White, 2-Pack",Amazon Basics,13.92
"Amazon Basics Sheet Protector, Non-Glare, 100-Pack, 8.5 x 11, Clear",Amazon Basics,8.79
"Amazon Basics Stapler with 1000 Staples, Office Stapler, 25 Sheet Capacity, Non-Slip, Black",Amazon Basics,5.65
"Amazon Basics Sturdy Binder Clips for Office Use, 96 Count (8 Pack of 12), Medium, 1.25 in, Black",Amazon Basics,8.04
"Amazon Basics Twin Pocket File Folders with Fasteners, 25-Pack, Letter, Assorted",Amazon Basics,12.22
"Amazon Basics Wide Ruled Lined Writing Note Pads, 8.5 inch x 11.75 inch, White, 12 Count (12 Pack of 50)",Amazon Basics,11.72
"Amazon Basics Wood-Cased #2 Pencils, Pre-sharpened, HB Lead Bulk Box, 150 Count, Yellow",Amazon Basics,9.89
"Arrow 506 T50 Heavy Duty Staples, 3/8-Inch Leg Length, 3/8-Inch Crown Width Staples for Upholstery, Construction, Furniture, Crafts, 1250-Pack",Arrow,3.89
"Arrow T50 Heavy Duty Staple Gun for Upholstery, Wood, Crafts, DIY and Professional Uses, Manual Stapler Uses 1/4”, 5/16”, 3/8"", 1/2"", or 9/16” Staples",Arrow,19.98
"Avery 12 Tab Dividers for 3 Ring Binders, Customizable Table of Contents, Multicolor Tabs, 6 Sets (11196)",Avery,20.0
"Avery 5 Tab Dividers for 3 Ring Binder, Easy Print & Apply Clear Label Strip, Index Maker Customizable White Tabs, 25 Sets (11446)",Avery,62.25
"Avery Binder Spine Inserts, for 1 Inch Ring Binders Containing 1.4"" Spine Width, 40 Cardstock Inserts (89103)",Avery,7.78
"Avery Customizable Name Tags, 2-1/3"" x 3-3/8"", White with Red Border, 100 Removable Name Badges (05143)",Avery,7.29
"Avery Dividers for 3 Ring Binders, 8-Tab Sets, Two-Pocket Plastic Binder Dividers with Tabs, Multicolor, 3 Sets (71907)",Avery,17.38
"Avery Economy View 3 Ring Binder, 1"" Round Rings, 1 White Binder (05711)",Avery,2.49
"Avery Insertable Plastic Dividers for 3 Ring Binders, 8 Tabs per Set, Big Tabs, Two Pockets, Multicolor Binder Dividers, Works with Sheet Protectors (11903)",Avery,4.26
"Avery Mini Economy View 3 Ring Binder, 1"" Round Rings, Holds 5.5"" x 8.5"" Paper, 1 White Binder (05806)",Avery,10.6
"Avery Two Pocket Folders, Holds up to 40 Sheets, Business Card Slot, 25 White Folders (47991)",Avery,10.38
"BIC Xtra Strong Mechanical Pencils with Erasers, Thick Point (0.9mm), 24-Count, Mechanical Pencils for School or Office Supplies",Bic,4.47
"Crayola Inspiration Art Case Coloring Set, 140pc Space Theme – Art Kit for Kids, Crayons, Markers, Pencils, Gift for Boys & Girls, Ages 5, 6, 7, 8 [Amazon Exclusive]",Crayola,26.99
"Fellowes 72112 Desktop Organizer, 11 Sections, Wire, 9"" x 11-3/8"" x 8"", Black",Fellowes,14.48
"Highland Sticky Notes, 1.5 x 2 Inches, Yellow, 12 Pack (6539)",Highland,5.51
"Pendaflex Divide It Up File Folders, Letter Size, Manila, 24/Pack (10770)",Pendaflex,10.77
"Pendaflex Extra Capacity Reinforced Hanging File Folders, 2"", Letter Size, Standard green, 1/5 Cut, 25/BX (04152X2)",Pendaflex,22.14
"Pendaflex File Folders, Letter Size, 1/3 Cut, Manila, 250 per Box (752250)",Pendaflex,26.5
"Pendaflex File Folders, Letter Size, 8-1/2"" x 11"", Classic Manila, 1/3-Cut Tabs in Left, Right, Center Positions, 100 Per Box (65213)",Pendaflex,15.99
"Pendaflex Hanging File Folders, Letter Size, Standard Green, 1/5-Cut Adjustable Tabs, 25 Per Box (81602), Standard Green - 1/5 Tabs",Pendaflex,19.55
"Pendaflex Heavy Duty Expanding File with Extra-Thick Cover, Tyvek Reinforced Edges, 21 Pockets, A–Z Tabs, Elastic Cord Closure, Letter Size (R117ALHD),Brown",Pendaflex,13.8
"Pendaflex Recycled Hanging Folders, Legal Size, Standard Green, 1/5 Cut, 25/BX (81622)",Pendaflex,25.74
Pentel EnerGel Deluxe RTX Retractable Gel Pens,Pentel,4.79
"Pentel GraphGear 1000 Automatic Drafting Pencil (0.3mm), Black Accents, 1 Each (PG1013G)",Pentel,8.94
"Post-it Dispenser Pop-up Notes, 3x3 in, 24 Pads, Canary Yellow, Clean Removal, Recyclable",Post-It,25.92
"Post-it Mini Notes, 1 3/8 in. x 1 7/8 in., 12 Sticky Notes Pads, 100 Sheets per Pad, Poptimistic Collection, School Supplies and Oﬃce Products, The Original Post-it Note",Post-It,7.29
"Post-it Notes, 3x3 in, 6 Pads, America's #1 Favorite Sticky Notes, Poptimistic Collection, Bright Colors (Magenta, Pink, Blue, Green), Clean Removal, Recyclable (630-6AN)",Post-It,10.23
Post-it Super Sticky Easel Pad 25 in x 30 in White 30 Sheets/Pad 2 Pad/Pack Large White Premium Self Stick Flip Chart Paper Super Sticking Power (559),Post-It,43.87
"Quality Park #8 5/8 Double-Window Security Envelopes, Self-Sealing, Tamper Evident, For Checks, Payroll, 24 lb White Wove, 3-5/8 x 8-5/8 Inches, 500/Box (QUA67539)",Quality,52.1
"Quartet Whiteboard, Glass Dry Erase Board, Magnetic, 6' x 4', Infinity Frameless Mounting, White Surface, Accessory Tray, 1 Dry Erase Marker and 2 Glass Board Magnets (G7248W)",Quartet,
Sharpie Permanent Markers Bulk Set Fine Tip Markers Set For Plastic Metal Wood And More Black 36 Count,Sharpie,17.97
"Swingline Stapler, 25 Sheet Capacity, Optima 25, Jam Free, Reduced Effort, Soft Grip, Blue and Gray (66404)",Swingline,18.22
"Swingline Stapler, 30 Sheet Capacity, 747 Business Stapler, Jam Free, Metal, Rio Red (74736)",Swingline,19.51
"Swingline Stapler, 30 Sheet Capacity, 747 Classic Stapler, Jam Free, Metal, Black (74701)",Swingline,16.62
"U Brands Magnetic Dry Erase Board Value Pack, 6""x11"", Frameless, Includes 3 Magnetic Markers",U,7.7
"Zebra Pen M-301 Stainless Steel Mechanical Pencils .5mm, Fine Point, 2-Pack (54012)",Zebra,4.23
